trip_id,stop_id,is_peak_hour,seat_occupancy,delay_min,arrival_time
500D-1,500D-1#1,0,32,0,05:00:00
500D-1,500D-1#2,0,35,1,05:02:00
500D-1,500D-1#3,0,27,1,05:05:00
500D-1,500D-1#4,0,45,1,05:07:00
500D-1,500D-1#5,0,42,1,05:10:00
500D-1,500D-1#6,0,25,0,05:12:00
500D-1,500D-1#7,0,29,1,05:14:00
500D-1,500D-1#8,0,45,0,05:16:00
500D-1,500D-1#9,0,43,2,05:21:00
500D-1,500D-1#10,0,21,1,05:25:00
500D-1,500D-1#11,0,30,1,05:29:00
500D-1,500D-1#12,0,36,1,05:33:00
500D-1,500D-1#13,0,21,0,05:36:00
500D-1,500D-1#14,0,32,0,05:40:00
500D-1,500D-1#15,0,40,0,05:44:00
500D-1,500D-1#16,0,29,1,05:47:00
500D-1,500D-1#17,0,39,0,05:50:00
500D-1,500D-1#18,0,32,2,05:54:00
500D-1,500D-1#19,0,21,2,05:59:00
500D-1,500D-1#20,0,31,2,06:04:00
500D-1,500D-1#21,0,42,2,06:09:00
500D-1,500D-1#22,0,34,1,06:12:00
500D-1,500D-1#23,0,32,0,06:15:00
500D-1,500D-1#24,0,20,0,06:18:00
500D-1,500D-1#25,0,20,2,06:20:00
500D-1,500D-1#26,0,34,1,06:23:00
500D-1,500D-1#27,0,49,2,06:26:00
500D-1,500D-1#28,0,42,1,06:28:00
500D-1,500D-1#29,0,21,1,06:32:00
500D-1,500D-1#30,0,36,2,06:36:00
500D-1,500D-1#31,0,25,2,06:38:00
500D-1,500D-1#32,0,27,2,06:42:00
500D-1,500D-1#33,0,24,1,06:46:00
500D-1,500D-1#34,0,43,0,06:51:00
500D-1,500D-1#35,0,35,0,06:54:00
500D-1,500D-1#36,0,43,1,06:59:00
500D-1,500D-1#37,1,79,5,07:03:00
500D-2,500D-2#1,0,25,1,05:20:00
500D-2,500D-2#2,0,45,1,05:25:00
500D-2,500D-2#3,0,23,0,05:28:00
500D-2,500D-2#4,0,26,1,05:30:00
500D-2,500D-2#5,0,22,0,05:35:00
500D-2,500D-2#6,0,23,0,05:39:00
500D-2,500D-2#7,0,25,1,05:42:00
500D-2,500D-2#8,0,21,2,05:46:00
500D-2,500D-2#9,0,45,2,05:50:00
500D-2,500D-2#10,0,21,2,05:55:00
500D-2,500D-2#11,0,37,0,05:59:00
500D-2,500D-2#12,0,20,2,06:02:00
500D-2,500D-2#13,0,22,0,06:07:00
500D-2,500D-2#14,0,24,1,06:10:00
500D-2,500D-2#15,0,49,0,06:14:00
500D-2,500D-2#16,0,41,2,06:16:00
500D-2,500D-2#17,0,47,0,06:19:00
500D-2,500D-2#18,0,29,0,06:21:00
500D-2,500D-2#19,0,40,0,06:23:00
500D-2,500D-2#20,0,26,0,06:26:00
500D-2,500D-2#21,0,45,2,06:30:00
500D-2,500D-2#22,0,47,1,06:32:00
500D-2,500D-2#23,0,41,2,06:36:00
500D-2,500D-2#24,0,26,2,06:41:00
500D-2,500D-2#25,0,28,2,06:43:00
500D-2,500D-2#26,0,23,0,06:45:00
500D-2,500D-2#27,0,48,0,06:48:00
500D-2,500D-2#28,0,33,2,06:53:00
500D-2,500D-2#29,0,42,0,06:58:00
500D-2,500D-2#30,1,93,3,07:03:00
500D-2,500D-2#31,1,82,4,07:06:00
500D-2,500D-2#32,1,83,2,07:11:00
500D-2,500D-2#33,1,83,3,07:14:00
500D-2,500D-2#34,1,74,3,07:17:00
500D-2,500D-2#35,1,95,2,07:20:00
500D-2,500D-2#36,1,94,4,07:23:00
500D-2,500D-2#37,1,78,3,07:25:00
500D-3,500D-3#1,0,28,1,05:40:00
500D-3,500D-3#2,0,21,2,05:44:00
500D-3,500D-3#3,0,43,0,05:49:00
500D-3,500D-3#4,0,24,0,05:54:00
500D-3,500D-3#5,0,37,0,05:57:00
500D-3,500D-3#6,0,49,2,06:01:00
500D-3,500D-3#7,0,48,0,06:04:00
500D-3,500D-3#8,0,41,1,06:07:00
500D-3,500D-3#9,0,48,0,06:09:00
500D-3,500D-3#10,0,35,2,06:11:00
500D-3,500D-3#11,0,20,2,06:14:00
500D-3,500D-3#12,0,35,2,06:17:00
500D-3,500D-3#13,0,41,1,06:20:00
500D-3,500D-3#14,0,24,0,06:23:00
500D-3,500D-3#15,0,27,1,06:28:00
500D-3,500D-3#16,0,43,0,06:32:00
500D-3,500D-3#17,0,43,1,06:37:00
500D-3,500D-3#18,0,21,0,06:39:00
500D-3,500D-3#19,0,41,1,06:42:00
500D-3,500D-3#20,0,26,1,06:46:00
500D-3,500D-3#21,0,42,2,06:50:00
500D-3,500D-3#22,0,24,2,06:53:00
500D-3,500D-3#23,0,43,1,06:57:00
500D-3,500D-3#24,0,21,2,06:59:00
500D-3,500D-3#25,1,83,4,07:01:00
500D-3,500D-3#26,1,90,4,07:06:00
500D-3,500D-3#27,1,86,4,07:10:00
500D-3,500D-3#28,1,95,2,07:15:00
500D-3,500D-3#29,1,87,5,07:19:00
500D-3,500D-3#30,1,79,3,07:22:00
500D-3,500D-3#31,1,96,3,07:25:00
500D-3,500D-3#32,1,86,3,07:27:00
500D-3,500D-3#33,1,76,5,07:30:00
500D-3,500D-3#34,1,86,2,07:33:00
500D-3,500D-3#35,1,81,2,07:38:00
500D-3,500D-3#36,1,78,5,07:41:00
500D-3,500D-3#37,1,82,4,07:44:00
500D-4,500D-4#1,0,23,0,06:00:00
500D-4,500D-4#2,0,25,2,06:04:00
500D-4,500D-4#3,0,25,0,06:06:00
500D-4,500D-4#4,0,39,1,06:08:00
500D-4,500D-4#5,0,29,1,06:11:00
500D-4,500D-4#6,0,38,0,06:14:00
500D-4,500D-4#7,0,42,0,06:18:00
500D-4,500D-4#8,0,27,1,06:21:00
500D-4,500D-4#9,0,30,0,06:24:00
500D-4,500D-4#10,0,43,1,06:26:00
500D-4,500D-4#11,0,31,2,06:31:00
500D-4,500D-4#12,0,49,0,06:33:00
500D-4,500D-4#13,0,30,0,06:38:00
500D-4,500D-4#14,0,31,0,06:40:00
500D-4,500D-4#15,0,24,2,06:45:00
500D-4,500D-4#16,0,37,1,06:47:00
500D-4,500D-4#17,0,35,0,06:52:00
500D-4,500D-4#18,0,39,0,06:54:00
500D-4,500D-4#19,0,41,0,06:56:00
500D-4,500D-4#20,0,45,1,06:58:00
500D-4,500D-4#21,1,99,3,07:00:00
500D-4,500D-4#22,1,70,5,07:05:00
500D-4,500D-4#23,1,83,2,07:10:00
500D-4,500D-4#24,1,89,5,07:13:00
500D-4,500D-4#25,1,97,3,07:18:00
500D-4,500D-4#26,1,93,2,07:22:00
500D-4,500D-4#27,1,80,4,07:24:00
500D-4,500D-4#28,1,93,5,07:28:00
500D-4,500D-4#29,1,99,2,07:31:00
500D-4,500D-4#30,1,97,2,07:35:00
500D-4,500D-4#31,1,91,5,07:37:00
500D-4,500D-4#32,1,84,5,07:39:00
500D-4,500D-4#33,1,91,5,07:41:00
500D-4,500D-4#34,1,85,2,07:44:00
500D-4,500D-4#35,1,99,4,07:46:00
500D-4,500D-4#36,1,96,5,07:48:00
500D-4,500D-4#37,1,85,3,07:53:00
500D-5,500D-5#1,0,40,2,06:20:00
500D-5,500D-5#2,0,46,2,06:25:00
500D-5,500D-5#3,0,43,0,06:28:00
500D-5,500D-5#4,0,45,1,06:31:00
500D-5,500D-5#5,0,47,0,06:34:00
500D-5,500D-5#6,0,43,0,06:39:00
500D-5,500D-5#7,0,45,0,06:43:00
500D-5,500D-5#8,0,44,2,06:45:00
500D-5,500D-5#9,0,35,2,06:47:00
500D-5,500D-5#10,0,47,0,06:49:00
500D-5,500D-5#11,0,35,1,06:53:00
500D-5,500D-5#12,0,34,2,06:56:00
500D-5,500D-5#13,1,95,4,07:01:00
500D-5,500D-5#14,1,85,5,07:05:00
500D-5,500D-5#15,1,73,5,07:08:00
500D-5,500D-5#16,1,86,5,07:10:00
500D-5,500D-5#17,1,96,3,07:12:00
500D-5,500D-5#18,1,70,2,07:15:00
500D-5,500D-5#19,1,85,5,07:18:00
500D-5,500D-5#20,1,81,3,07:23:00
500D-5,500D-5#21,1,86,2,07:25:00
500D-5,500D-5#22,1,74,3,07:30:00
500D-5,500D-5#23,1,96,4,07:35:00
500D-5,500D-5#24,1,76,4,07:37:00
500D-5,500D-5#25,1,70,2,07:40:00
500D-5,500D-5#26,1,73,2,07:45:00
500D-5,500D-5#27,1,89,5,07:49:00
500D-5,500D-5#28,1,70,2,07:53:00
500D-5,500D-5#29,1,73,4,07:57:00
500D-5,500D-5#30,1,73,4,08:01:00
500D-5,500D-5#31,1,85,3,08:05:00
500D-5,500D-5#32,1,78,5,08:10:00
500D-5,500D-5#33,1,80,3,08:14:00
500D-5,500D-5#34,1,86,5,08:16:00
500D-5,500D-5#35,1,79,5,08:19:00
500D-5,500D-5#36,1,94,2,08:22:00
500D-5,500D-5#37,1,88,3,08:25:00
500D-6,500D-6#1,0,35,1,06:40:00
500D-6,500D-6#2,0,34,0,06:42:00
500D-6,500D-6#3,0,27,0,06:45:00
500D-6,500D-6#4,0,33,2,06:48:00
500D-6,500D-6#5,0,39,1,06:52:00
500D-6,500D-6#6,0,37,2,06:57:00
500D-6,500D-6#7,1,80,2,07:00:00
500D-6,500D-6#8,1,83,5,07:05:00
500D-6,500D-6#9,1,94,5,07:07:00
500D-6,500D-6#10,1,91,4,07:10:00
500D-6,500D-6#11,1,94,2,07:15:00
500D-6,500D-6#12,1,82,4,07:20:00
500D-6,500D-6#13,1,97,2,07:22:00
500D-6,500D-6#14,1,92,2,07:26:00
500D-6,500D-6#15,1,96,4,07:28:00
500D-6,500D-6#16,1,74,3,07:30:00
500D-6,500D-6#17,1,98,2,07:33:00
500D-6,500D-6#18,1,76,3,07:35:00
500D-6,500D-6#19,1,74,5,07:40:00
500D-6,500D-6#20,1,96,3,07:43:00
500D-6,500D-6#21,1,83,3,07:45:00
500D-6,500D-6#22,1,88,5,07:47:00
500D-6,500D-6#23,1,78,5,07:51:00
500D-6,500D-6#24,1,79,4,07:55:00
500D-6,500D-6#25,1,86,3,07:58:00
500D-6,500D-6#26,1,87,2,08:00:00
500D-6,500D-6#27,1,93,2,08:04:00
500D-6,500D-6#28,1,93,5,08:09:00
500D-6,500D-6#29,1,81,2,08:11:00
500D-6,500D-6#30,1,88,4,08:13:00
500D-6,500D-6#31,1,90,2,08:17:00
500D-6,500D-6#32,1,83,2,08:20:00
500D-6,500D-6#33,1,74,5,08:25:00
500D-6,500D-6#34,1,72,4,08:29:00
500D-6,500D-6#35,1,78,3,08:31:00
500D-6,500D-6#36,1,96,4,08:35:00
500D-6,500D-6#37,1,76,3,08:38:00
500D-7,500D-7#1,1,92,2,07:00:00
500D-7,500D-7#2,1,85,5,07:03:00
500D-7,500D-7#3,1,89,4,07:08:00
500D-7,500D-7#4,1,86,4,07:12:00
500D-7,500D-7#5,1,71,5,07:17:00
500D-7,500D-7#6,1,70,4,07:21:00
500D-7,500D-7#7,1,73,2,07:24:00
500D-7,500D-7#8,1,83,2,07:26:00
500D-7,500D-7#9,1,82,2,07:28:00
500D-7,500D-7#10,1,74,4,07:31:00
500D-7,500D-7#11,1,72,2,07:36:00
500D-7,500D-7#12,1,94,5,07:38:00
500D-7,500D-7#13,1,91,2,07:40:00
500D-7,500D-7#14,1,80,4,07:42:00
500D-7,500D-7#15,1,94,2,07:44:00
500D-7,500D-7#16,1,85,2,07:49:00
500D-7,500D-7#17,1,95,5,07:54:00
500D-7,500D-7#18,1,92,2,07:59:00
500D-7,500D-7#19,1,98,5,08:02:00
500D-7,500D-7#20,1,90,2,08:05:00
500D-7,500D-7#21,1,81,5,08:10:00
500D-7,500D-7#22,1,78,2,08:15:00
500D-7,500D-7#23,1,80,5,08:20:00
500D-7,500D-7#24,1,77,4,08:25:00
500D-7,500D-7#25,1,73,2,08:30:00
500D-7,500D-7#26,1,78,3,08:32:00
500D-7,500D-7#27,1,94,3,08:37:00
500D-7,500D-7#28,1,90,5,08:41:00
500D-7,500D-7#29,1,90,2,08:44:00
500D-7,500D-7#30,1,82,4,08:46:00
500D-7,500D-7#31,1,81,2,08:50:00
500D-7,500D-7#32,1,71,5,08:52:00
500D-7,500D-7#33,1,91,2,08:54:00
500D-7,500D-7#34,1,77,2,08:56:00
500D-7,500D-7#35,1,82,4,08:58:00
500D-7,500D-7#36,1,76,4,09:02:00
500D-7,500D-7#37,1,81,4,09:04:00
500D-8,500D-8#1,1,79,4,07:20:00
500D-8,500D-8#2,1,96,2,07:22:00
500D-8,500D-8#3,1,78,4,07:24:00
500D-8,500D-8#4,1,89,5,07:27:00
500D-8,500D-8#5,1,95,5,07:31:00
500D-8,500D-8#6,1,71,2,07:33:00
500D-8,500D-8#7,1,79,5,07:37:00
500D-8,500D-8#8,1,70,4,07:42:00
500D-8,500D-8#9,1,94,3,07:46:00
500D-8,500D-8#10,1,74,2,07:49:00
500D-8,500D-8#11,1,76,4,07:53:00
500D-8,500D-8#12,1,87,5,07:55:00
500D-8,500D-8#13,1,87,4,08:00:00
500D-8,500D-8#14,1,82,3,08:02:00
500D-8,500D-8#15,1,90,2,08:07:00
500D-8,500D-8#16,1,73,4,08:12:00
500D-8,500D-8#17,1,90,3,08:15:00
500D-8,500D-8#18,1,85,3,08:20:00
500D-8,500D-8#19,1,77,5,08:24:00
500D-8,500D-8#20,1,83,2,08:27:00
500D-8,500D-8#21,1,83,2,08:30:00
500D-8,500D-8#22,1,72,5,08:35:00
500D-8,500D-8#23,1,77,4,08:38:00
500D-8,500D-8#24,1,88,4,08:41:00
500D-8,500D-8#25,1,98,5,08:45:00
500D-8,500D-8#26,1,83,5,08:49:00
500D-8,500D-8#27,1,80,3,08:53:00
500D-8,500D-8#28,1,80,5,08:58:00
500D-8,500D-8#29,1,91,5,09:00:00
500D-8,500D-8#30,1,75,2,09:02:00
500D-8,500D-8#31,1,72,2,09:06:00
500D-8,500D-8#32,1,80,2,09:10:00
500D-8,500D-8#33,1,75,4,09:14:00
500D-8,500D-8#34,1,73,3,09:17:00
500D-8,500D-8#35,1,85,5,09:21:00
500D-8,500D-8#36,1,95,5,09:26:00
500D-8,500D-8#37,1,80,5,09:28:00
500D-9,500D-9#1,1,78,5,07:40:00
500D-9,500D-9#2,1,93,3,07:44:00
500D-9,500D-9#3,1,89,2,07:48:00
500D-9,500D-9#4,1,85,4,07:51:00
500D-9,500D-9#5,1,74,5,07:54:00
500D-9,500D-9#6,1,76,2,07:56:00
500D-9,500D-9#7,1,83,5,07:58:00
500D-9,500D-9#8,1,84,2,08:00:00
500D-9,500D-9#9,1,88,3,08:05:00
500D-9,500D-9#10,1,72,4,08:10:00
500D-9,500D-9#11,1,79,4,08:12:00
500D-9,500D-9#12,1,93,5,08:16:00
500D-9,500D-9#13,1,99,3,08:21:00
500D-9,500D-9#14,1,82,3,08:26:00
500D-9,500D-9#15,1,80,3,08:28:00
500D-9,500D-9#16,1,95,3,08:30:00
500D-9,500D-9#17,1,82,3,08:35:00
500D-9,500D-9#18,1,83,5,08:39:00
500D-9,500D-9#19,1,87,3,08:41:00
500D-9,500D-9#20,1,74,2,08:44:00
500D-9,500D-9#21,1,95,5,08:46:00
500D-9,500D-9#22,1,85,3,08:50:00
500D-9,500D-9#23,1,88,5,08:53:00
500D-9,500D-9#24,1,87,5,08:57:00
500D-9,500D-9#25,1,87,4,09:02:00
500D-9,500D-9#26,1,76,4,09:06:00
500D-9,500D-9#27,1,86,4,09:08:00
500D-9,500D-9#28,1,92,5,09:10:00
500D-9,500D-9#29,1,94,5,09:15:00
500D-9,500D-9#30,1,86,5,09:20:00
500D-9,500D-9#31,1,77,2,09:23:00
500D-9,500D-9#32,1,95,5,09:25:00
500D-9,500D-9#33,1,86,5,09:27:00
500D-9,500D-9#34,1,93,4,09:29:00
500D-9,500D-9#35,1,99,2,09:33:00
500D-9,500D-9#36,1,76,5,09:37:00
500D-9,500D-9#37,1,73,4,09:40:00
500D-10,500D-10#1,1,97,4,08:00:00
500D-10,500D-10#2,1,94,3,08:03:00
500D-10,500D-10#3,1,88,5,08:05:00
500D-10,500D-10#4,1,81,4,08:10:00
500D-10,500D-10#5,1,91,5,08:12:00
500D-10,500D-10#6,1,77,4,08:15:00
500D-10,500D-10#7,1,87,3,08:19:00
500D-10,500D-10#8,1,83,2,08:21:00
500D-10,500D-10#9,1,83,3,08:24:00
500D-10,500D-10#10,1,88,3,08:27:00
500D-10,500D-10#11,1,95,4,08:29:00
500D-10,500D-10#12,1,83,4,08:34:00
500D-10,500D-10#13,1,88,3,08:37:00
500D-10,500D-10#14,1,76,2,08:41:00
500D-10,500D-10#15,1,98,3,08:45:00
500D-10,500D-10#16,1,89,5,08:48:00
500D-10,500D-10#17,1,87,2,08:52:00
500D-10,500D-10#18,1,91,2,08:54:00
500D-10,500D-10#19,1,85,3,08:56:00
500D-10,500D-10#20,1,82,3,08:58:00
500D-10,500D-10#21,1,74,4,09:00:00
500D-10,500D-10#22,1,78,5,09:05:00
500D-10,500D-10#23,1,89,3,09:08:00
500D-10,500D-10#24,1,95,4,09:10:00
500D-10,500D-10#25,1,98,2,09:14:00
500D-10,500D-10#26,1,98,3,09:18:00
500D-10,500D-10#27,1,93,2,09:22:00
500D-10,500D-10#28,1,97,3,09:27:00
500D-10,500D-10#29,1,76,3,09:31:00
500D-10,500D-10#30,1,72,5,09:34:00
500D-10,500D-10#31,1,98,4,09:38:00
500D-10,500D-10#32,1,94,2,09:41:00
500D-10,500D-10#33,1,80,2,09:44:00
500D-10,500D-10#34,1,84,3,09:48:00
500D-10,500D-10#35,1,75,4,09:52:00
500D-10,500D-10#36,1,97,4,09:56:00
500D-10,500D-10#37,1,83,4,10:00:00
500D-11,500D-11#1,1,82,5,08:20:00
500D-11,500D-11#2,1,80,5,08:25:00
500D-11,500D-11#3,1,94,2,08:30:00
500D-11,500D-11#4,1,88,2,08:32:00
500D-11,500D-11#5,1,86,5,08:35:00
500D-11,500D-11#6,1,72,4,08:39:00
500D-11,500D-11#7,1,89,3,08:43:00
500D-11,500D-11#8,1,76,5,08:45:00
500D-11,500D-11#9,1,94,5,08:47:00
500D-11,500D-11#10,1,81,2,08:51:00
500D-11,500D-11#11,1,88,4,08:56:00
500D-11,500D-11#12,1,87,4,09:00:00
500D-11,500D-11#13,1,89,4,09:03:00
500D-11,500D-11#14,1,95,2,09:05:00
500D-11,500D-11#15,1,91,4,09:10:00
500D-11,500D-11#16,1,92,2,09:15:00
500D-11,500D-11#17,1,88,3,09:17:00
500D-11,500D-11#18,1,71,5,09:20:00
500D-11,500D-11#19,1,95,2,09:22:00
500D-11,500D-11#20,1,85,5,09:24:00
500D-11,500D-11#21,1,77,2,09:29:00
500D-11,500D-11#22,1,98,3,09:33:00
500D-11,500D-11#23,1,98,3,09:35:00
500D-11,500D-11#24,1,82,4,09:39:00
500D-11,500D-11#25,1,86,2,09:44:00
500D-11,500D-11#26,1,82,4,09:47:00
500D-11,500D-11#27,1,75,4,09:50:00
500D-11,500D-11#28,1,87,5,09:55:00
500D-11,500D-11#29,1,74,3,10:00:00
500D-11,500D-11#30,1,71,2,10:04:00
500D-11,500D-11#31,1,70,3,10:08:00
500D-11,500D-11#32,1,81,5,10:11:00
500D-11,500D-11#33,1,80,2,10:13:00
500D-11,500D-11#34,1,80,4,10:15:00
500D-11,500D-11#35,1,78,4,10:19:00
500D-11,500D-11#36,1,98,3,10:21:00
500D-11,500D-11#37,1,71,4,10:24:00
500D-12,500D-12#1,1,90,4,08:40:00
500D-12,500D-12#2,1,91,5,08:43:00
500D-12,500D-12#3,1,71,4,08:47:00
500D-12,500D-12#4,1,73,4,08:50:00
500D-12,500D-12#5,1,75,2,08:52:00
500D-12,500D-12#6,1,85,3,08:56:00
500D-12,500D-12#7,1,72,4,08:59:00
500D-12,500D-12#8,1,87,3,09:04:00
500D-12,500D-12#9,1,75,4,09:06:00
500D-12,500D-12#10,1,88,4,09:08:00
500D-12,500D-12#11,1,80,2,09:13:00
500D-12,500D-12#12,1,81,4,09:18:00
500D-12,500D-12#13,1,86,3,09:21:00
500D-12,500D-12#14,1,97,4,09:25:00
500D-12,500D-12#15,1,90,3,09:29:00
500D-12,500D-12#16,1,70,4,09:33:00
500D-12,500D-12#17,1,80,2,09:38:00
500D-12,500D-12#18,1,94,2,09:42:00
500D-12,500D-12#19,1,75,5,09:46:00
500D-12,500D-12#20,1,99,5,09:49:00
500D-12,500D-12#21,1,83,2,09:51:00
500D-12,500D-12#22,1,89,5,09:53:00
500D-12,500D-12#23,1,80,3,09:57:00
500D-12,500D-12#24,1,92,2,10:01:00
500D-12,500D-12#25,1,82,4,10:06:00
500D-12,500D-12#26,1,96,3,10:11:00
500D-12,500D-12#27,1,99,3,10:14:00
500D-12,500D-12#28,1,82,2,10:17:00
500D-12,500D-12#29,1,87,5,10:22:00
500D-12,500D-12#30,1,96,4,10:25:00
500D-12,500D-12#31,1,89,3,10:29:00
500D-12,500D-12#32,1,75,4,10:34:00
500D-12,500D-12#33,1,75,2,10:37:00
500D-12,500D-12#34,1,72,5,10:40:00
500D-12,500D-12#35,1,90,5,10:45:00
500D-12,500D-12#36,1,79,2,10:50:00
500D-12,500D-12#37,1,85,5,10:53:00
500D-13,500D-13#1,1,89,5,09:00:00
500D-13,500D-13#2,1,95,4,09:05:00
500D-13,500D-13#3,1,97,5,09:09:00
500D-13,500D-13#4,1,93,4,09:12:00
500D-13,500D-13#5,1,85,3,09:15:00
500D-13,500D-13#6,1,90,4,09:20:00
500D-13,500D-13#7,1,90,5,09:23:00
500D-13,500D-13#8,1,70,3,09:28:00
500D-13,500D-13#9,1,71,2,09:33:00
500D-13,500D-13#10,1,88,4,09:36:00
500D-13,500D-13#11,1,79,3,09:41:00
500D-13,500D-13#12,1,85,2,09:45:00
500D-13,500D-13#13,1,88,4,09:50:00
500D-13,500D-13#14,1,92,5,09:54:00
500D-13,500D-13#15,1,89,3,09:57:00
500D-13,500D-13#16,1,87,2,10:02:00
500D-13,500D-13#17,1,91,5,10:04:00
500D-13,500D-13#18,1,80,2,10:07:00
500D-13,500D-13#19,1,96,5,10:12:00
500D-13,500D-13#20,1,95,2,10:14:00
500D-13,500D-13#21,1,89,2,10:17:00
500D-13,500D-13#22,1,92,3,10:22:00
500D-13,500D-13#23,1,89,2,10:27:00
500D-13,500D-13#24,1,93,2,10:30:00
500D-13,500D-13#25,1,97,3,10:33:00
500D-13,500D-13#26,1,76,4,10:36:00
500D-13,500D-13#27,1,88,5,10:38:00
500D-13,500D-13#28,1,92,5,10:42:00
500D-13,500D-13#29,1,80,3,10:47:00
500D-13,500D-13#30,1,73,2,10:51:00
500D-13,500D-13#31,1,87,5,10:53:00
500D-13,500D-13#32,1,93,2,10:55:00
500D-13,500D-13#33,1,97,3,10:58:00
500D-13,500D-13#34,0,51,2,11:03:00
500D-13,500D-13#35,0,69,2,11:07:00
500D-13,500D-13#36,0,68,2,11:11:00
500D-13,500D-13#37,0,54,0,11:16:00
500D-14,500D-14#1,1,77,2,09:20:00
500D-14,500D-14#2,1,93,2,09:23:00
500D-14,500D-14#3,1,98,3,09:25:00
500D-14,500D-14#4,1,74,3,09:30:00
500D-14,500D-14#5,1,96,2,09:32:00
500D-14,500D-14#6,1,97,3,09:37:00
500D-14,500D-14#7,1,74,2,09:40:00
500D-14,500D-14#8,1,84,2,09:44:00
500D-14,500D-14#9,1,96,5,09:46:00
500D-14,500D-14#10,1,72,2,09:50:00
500D-14,500D-14#11,1,88,4,09:54:00
500D-14,500D-14#12,1,83,3,09:58:00
500D-14,500D-14#13,1,74,3,10:01:00
500D-14,500D-14#14,1,82,5,10:03:00
500D-14,500D-14#15,1,98,2,10:08:00
500D-14,500D-14#16,1,85,2,10:12:00
500D-14,500D-14#17,1,75,5,10:14:00
500D-14,500D-14#18,1,88,3,10:19:00
500D-14,500D-14#19,1,93,4,10:23:00
500D-14,500D-14#20,1,94,4,10:26:00
500D-14,500D-14#21,1,91,3,10:29:00
500D-14,500D-14#22,1,76,3,10:34:00
500D-14,500D-14#23,1,82,4,10:36:00
500D-14,500D-14#24,1,78,3,10:40:00
500D-14,500D-14#25,1,84,2,10:44:00
500D-14,500D-14#26,1,84,3,10:49:00
500D-14,500D-14#27,1,75,2,10:53:00
500D-14,500D-14#28,1,76,5,10:58:00
500D-14,500D-14#29,0,61,1,11:03:00
500D-14,500D-14#30,0,61,1,11:08:00
500D-14,500D-14#31,0,54,0,11:11:00
500D-14,500D-14#32,0,46,1,11:14:00
500D-14,500D-14#33,0,50,1,11:16:00
500D-14,500D-14#34,0,45,1,11:21:00
500D-14,500D-14#35,0,68,2,11:24:00
500D-14,500D-14#36,0,53,2,11:27:00
500D-14,500D-14#37,0,69,1,11:32:00
500D-15,500D-15#1,1,78,2,09:40:00
500D-15,500D-15#2,1,84,2,09:45:00
500D-15,500D-15#3,1,95,5,09:50:00
500D-15,500D-15#4,1,75,3,09:53:00
500D-15,500D-15#5,1,77,3,09:57:00
500D-15,500D-15#6,1,70,2,10:02:00
500D-15,500D-15#7,1,94,4,10:06:00
500D-15,500D-15#8,1,90,2,10:10:00
500D-15,500D-15#9,1,80,3,10:13:00
500D-15,500D-15#10,1,99,3,10:15:00
500D-15,500D-15#11,1,87,2,10:17:00
500D-15,500D-15#12,1,90,5,10:22:00
500D-15,500D-15#13,1,85,4,10:27:00
500D-15,500D-15#14,1,87,2,10:32:00
500D-15,500D-15#15,1,76,3,10:37:00
500D-15,500D-15#16,1,77,4,10:39:00
500D-15,500D-15#17,1,92,3,10:43:00
500D-15,500D-15#18,1,79,3,10:45:00
500D-15,500D-15#19,1,97,5,10:47:00
500D-15,500D-15#20,1,83,4,10:52:00
500D-15,500D-15#21,1,84,5,10:56:00
500D-15,500D-15#22,0,48,2,11:01:00
500D-15,500D-15#23,0,62,0,11:03:00
500D-15,500D-15#24,0,41,0,11:08:00
500D-15,500D-15#25,0,59,2,11:10:00
500D-15,500D-15#26,0,49,0,11:15:00
500D-15,500D-15#27,0,44,2,11:20:00
500D-15,500D-15#28,0,43,1,11:25:00
500D-15,500D-15#29,0,42,1,11:28:00
500D-15,500D-15#30,0,46,1,11:30:00
500D-15,500D-15#31,0,45,2,11:32:00
500D-15,500D-15#32,0,53,1,11:36:00
500D-15,500D-15#33,0,65,2,11:41:00
500D-15,500D-15#34,0,46,2,11:43:00
500D-15,500D-15#35,0,56,0,11:46:00
500D-15,500D-15#36,0,56,2,11:49:00
500D-15,500D-15#37,0,68,2,11:53:00
500D-16,500D-16#1,1,72,2,10:00:00
500D-16,500D-16#2,1,74,2,10:03:00
500D-16,500D-16#3,1,76,5,10:06:00
500D-16,500D-16#4,1,73,2,10:10:00
500D-16,500D-16#5,1,73,2,10:13:00
500D-16,500D-16#6,1,85,5,10:18:00
500D-16,500D-16#7,1,96,4,10:21:00
500D-16,500D-16#8,1,88,2,10:25:00
500D-16,500D-16#9,1,83,2,10:28:00
500D-16,500D-16#10,1,72,5,10:32:00
500D-16,500D-16#11,1,78,5,10:37:00
500D-16,500D-16#12,1,80,5,10:40:00
500D-16,500D-16#13,1,71,4,10:42:00
500D-16,500D-16#14,1,80,5,10:45:00
500D-16,500D-16#15,1,84,3,10:50:00
500D-16,500D-16#16,1,99,2,10:53:00
500D-16,500D-16#17,1,86,4,10:56:00
500D-16,500D-16#18,1,81,5,10:58:00
500D-16,500D-16#19,0,62,2,11:02:00
500D-16,500D-16#20,0,47,2,11:04:00
500D-16,500D-16#21,0,51,1,11:09:00
500D-16,500D-16#22,0,59,1,11:14:00
500D-16,500D-16#23,0,52,0,11:16:00
500D-16,500D-16#24,0,67,2,11:18:00
500D-16,500D-16#25,0,69,2,11:23:00
500D-16,500D-16#26,0,58,0,11:28:00
500D-16,500D-16#27,0,65,1,11:32:00
500D-16,500D-16#28,0,65,2,11:34:00
500D-16,500D-16#29,0,66,2,11:37:00
500D-16,500D-16#30,0,45,0,11:40:00
500D-16,500D-16#31,0,68,1,11:45:00
500D-16,500D-16#32,0,45,0,11:49:00
500D-16,500D-16#33,0,46,0,11:54:00
500D-16,500D-16#34,0,69,1,11:59:00
500D-16,500D-16#35,0,50,0,12:01:00
500D-16,500D-16#36,0,54,0,12:04:00
500D-16,500D-16#37,0,55,0,12:09:00
500D-17,500D-17#1,1,88,5,10:20:00
500D-17,500D-17#2,1,88,2,10:22:00
500D-17,500D-17#3,1,90,4,10:26:00
500D-17,500D-17#4,1,94,3,10:31:00
500D-17,500D-17#5,1,99,2,10:34:00
500D-17,500D-17#6,1,81,3,10:36:00
500D-17,500D-17#7,1,96,3,10:38:00
500D-17,500D-17#8,1,71,3,10:43:00
500D-17,500D-17#9,1,87,4,10:47:00
500D-17,500D-17#10,1,89,5,10:51:00
500D-17,500D-17#11,1,96,2,10:55:00
500D-17,500D-17#12,0,49,0,11:00:00
500D-17,500D-17#13,0,64,1,11:05:00
500D-17,500D-17#14,0,63,1,11:07:00
500D-17,500D-17#15,0,56,0,11:12:00
500D-17,500D-17#16,0,68,0,11:17:00
500D-17,500D-17#17,0,53,2,11:19:00
500D-17,500D-17#18,0,62,2,11:22:00
500D-17,500D-17#19,0,50,2,11:26:00
500D-17,500D-17#20,0,68,2,11:31:00
500D-17,500D-17#21,0,41,0,11:36:00
500D-17,500D-17#22,0,47,2,11:41:00
500D-17,500D-17#23,0,43,1,11:44:00
500D-17,500D-17#24,0,62,0,11:47:00
500D-17,500D-17#25,0,67,0,11:49:00
500D-17,500D-17#26,0,63,2,11:53:00
500D-17,500D-17#27,0,67,2,11:57:00
500D-17,500D-17#28,0,68,2,11:59:00
500D-17,500D-17#29,0,68,2,12:04:00
500D-17,500D-17#30,0,64,0,12:06:00
500D-17,500D-17#31,0,41,1,12:09:00
500D-17,500D-17#32,0,65,2,12:14:00
500D-17,500D-17#33,0,41,0,12:17:00
500D-17,500D-17#34,0,67,0,12:22:00
500D-17,500D-17#35,0,41,0,12:27:00
500D-17,500D-17#36,0,46,0,12:30:00
500D-17,500D-17#37,0,62,2,12:35:00
500D-18,500D-18#1,1,73,3,10:40:00
500D-18,500D-18#2,1,73,5,10:42:00
500D-18,500D-18#3,1,70,3,10:46:00
500D-18,500D-18#4,1,86,4,10:49:00
500D-18,500D-18#5,1,86,5,10:53:00
500D-18,500D-18#6,1,89,3,10:58:00
500D-18,500D-18#7,0,47,0,11:03:00
500D-18,500D-18#8,0,62,0,11:05:00
500D-18,500D-18#9,0,49,1,11:07:00
500D-18,500D-18#10,0,40,1,11:12:00
500D-18,500D-18#11,0,64,0,11:16:00
500D-18,500D-18#12,0,57,0,11:19:00
500D-18,500D-18#13,0,51,1,11:23:00
500D-18,500D-18#14,0,48,1,11:25:00
500D-18,500D-18#15,0,57,1,11:28:00
500D-18,500D-18#16,0,40,1,11:32:00
500D-18,500D-18#17,0,63,1,11:37:00
500D-18,500D-18#18,0,47,0,11:40:00
500D-18,500D-18#19,0,56,2,11:45:00
500D-18,500D-18#20,0,53,0,11:50:00
500D-18,500D-18#21,0,57,0,11:53:00
500D-18,500D-18#22,0,69,0,11:58:00
500D-18,500D-18#23,0,49,2,12:03:00
500D-18,500D-18#24,0,67,1,12:07:00
500D-18,500D-18#25,0,58,0,12:09:00
500D-18,500D-18#26,0,45,1,12:12:00
500D-18,500D-18#27,0,43,2,12:16:00
500D-18,500D-18#28,0,41,2,12:20:00
500D-18,500D-18#29,0,46,0,12:24:00
500D-18,500D-18#30,0,47,1,12:26:00
500D-18,500D-18#31,0,67,2,12:30:00
500D-18,500D-18#32,0,43,0,12:33:00
500D-18,500D-18#33,0,59,2,12:35:00
500D-18,500D-18#34,0,67,2,12:39:00
500D-18,500D-18#35,0,57,1,12:41:00
500D-18,500D-18#36,0,57,1,12:43:00
500D-18,500D-18#37,0,56,2,12:47:00
500D-19,500D-19#1,0,47,2,11:00:00
500D-19,500D-19#2,0,53,1,11:05:00
500D-19,500D-19#3,0,68,0,11:08:00
500D-19,500D-19#4,0,54,2,11:10:00
500D-19,500D-19#5,0,42,1,11:14:00
500D-19,500D-19#6,0,69,1,11:19:00
500D-19,500D-19#7,0,63,2,11:21:00
500D-19,500D-19#8,0,65,2,11:25:00
500D-19,500D-19#9,0,49,1,11:30:00
500D-19,500D-19#10,0,53,2,11:32:00
500D-19,500D-19#11,0,60,0,11:37:00
500D-19,500D-19#12,0,66,2,11:41:00
500D-19,500D-19#13,0,54,1,11:43:00
500D-19,500D-19#14,0,45,0,11:48:00
500D-19,500D-19#15,0,48,1,11:50:00
500D-19,500D-19#16,0,52,1,11:55:00
500D-19,500D-19#17,0,56,1,11:58:00
500D-19,500D-19#18,0,69,2,12:03:00
500D-19,500D-19#19,0,62,2,12:08:00
500D-19,500D-19#20,0,58,0,12:12:00
500D-19,500D-19#21,0,41,0,12:14:00
500D-19,500D-19#22,0,43,1,12:16:00
500D-19,500D-19#23,0,54,2,12:21:00
500D-19,500D-19#24,0,46,1,12:23:00
500D-19,500D-19#25,0,69,0,12:28:00
500D-19,500D-19#26,0,50,1,12:33:00
500D-19,500D-19#27,0,41,2,12:37:00
500D-19,500D-19#28,0,59,1,12:41:00
500D-19,500D-19#29,0,67,1,12:43:00
500D-19,500D-19#30,0,60,2,12:46:00
500D-19,500D-19#31,0,57,2,12:51:00
500D-19,500D-19#32,0,43,0,12:55:00
500D-19,500D-19#33,0,61,2,12:59:00
500D-19,500D-19#34,0,59,1,13:01:00
500D-19,500D-19#35,0,45,2,13:05:00
500D-19,500D-19#36,0,45,1,13:10:00
500D-19,500D-19#37,0,48,0,13:14:00
500D-20,500D-20#1,0,69,1,11:20:00
500D-20,500D-20#2,0,67,2,11:25:00
500D-20,500D-20#3,0,62,0,11:28:00
500D-20,500D-20#4,0,60,0,11:32:00
500D-20,500D-20#5,0,68,0,11:35:00
500D-20,500D-20#6,0,49,0,11:38:00
500D-20,500D-20#7,0,64,2,11:43:00
500D-20,500D-20#8,0,67,2,11:46:00
500D-20,500D-20#9,0,41,1,11:50:00
500D-20,500D-20#10,0,61,1,11:52:00
500D-20,500D-20#11,0,61,0,11:55:00
500D-20,500D-20#12,0,54,1,12:00:00
500D-20,500D-20#13,0,45,1,12:02:00
500D-20,500D-20#14,0,48,0,12:07:00
500D-20,500D-20#15,0,53,1,12:09:00
500D-20,500D-20#16,0,47,0,12:13:00
500D-20,500D-20#17,0,57,2,12:16:00
500D-20,500D-20#18,0,59,1,12:19:00
500D-20,500D-20#19,0,64,1,12:23:00
500D-20,500D-20#20,0,46,2,12:27:00
500D-20,500D-20#21,0,61,1,12:29:00
500D-20,500D-20#22,0,65,1,12:32:00
500D-20,500D-20#23,0,41,0,12:37:00
500D-20,500D-20#24,0,62,0,12:39:00
500D-20,500D-20#25,0,66,2,12:42:00
500D-20,500D-20#26,0,65,1,12:47:00
500D-20,500D-20#27,0,40,0,12:50:00
500D-20,500D-20#28,0,41,1,12:55:00
500D-20,500D-20#29,0,59,1,12:59:00
500D-20,500D-20#30,0,44,2,13:03:00
500D-20,500D-20#31,0,48,2,13:06:00
500D-20,500D-20#32,0,56,2,13:10:00
500D-20,500D-20#33,0,55,0,13:15:00
500D-20,500D-20#34,0,44,2,13:19:00
500D-20,500D-20#35,0,54,0,13:23:00
500D-20,500D-20#36,0,52,1,13:26:00
500D-20,500D-20#37,0,60,0,13:28:00
500D-21,500D-21#1,0,47,0,11:40:00
500D-21,500D-21#2,0,56,2,11:44:00
500D-21,500D-21#3,0,66,1,11:46:00
500D-21,500D-21#4,0,50,0,11:49:00
500D-21,500D-21#5,0,63,0,11:54:00
500D-21,500D-21#6,0,48,2,11:58:00
500D-21,500D-21#7,0,65,2,12:00:00
500D-21,500D-21#8,0,54,2,12:04:00
500D-21,500D-21#9,0,58,1,12:09:00
500D-21,500D-21#10,0,51,2,12:13:00
500D-21,500D-21#11,0,65,2,12:18:00
500D-21,500D-21#12,0,63,0,12:22:00
500D-21,500D-21#13,0,43,0,12:24:00
500D-21,500D-21#14,0,69,1,12:26:00
500D-21,500D-21#15,0,43,1,12:28:00
500D-21,500D-21#16,0,44,2,12:32:00
500D-21,500D-21#17,0,57,2,12:34:00
500D-21,500D-21#18,0,49,1,12:38:00
500D-21,500D-21#19,0,58,1,12:42:00
500D-21,500D-21#20,0,56,0,12:46:00
500D-21,500D-21#21,0,69,1,12:51:00
500D-21,500D-21#22,0,58,1,12:54:00
500D-21,500D-21#23,0,46,2,12:59:00
500D-21,500D-21#24,0,42,1,13:03:00
500D-21,500D-21#25,0,62,1,13:06:00
500D-21,500D-21#26,0,52,0,13:11:00
500D-21,500D-21#27,0,40,1,13:13:00
500D-21,500D-21#28,0,68,2,13:16:00
500D-21,500D-21#29,0,46,1,13:20:00
500D-21,500D-21#30,0,60,0,13:24:00
500D-21,500D-21#31,0,44,1,13:26:00
500D-21,500D-21#32,0,46,0,13:30:00
500D-21,500D-21#33,0,40,1,13:34:00
500D-21,500D-21#34,0,66,2,13:37:00
500D-21,500D-21#35,0,53,0,13:39:00
500D-21,500D-21#36,0,66,2,13:41:00
500D-21,500D-21#37,0,46,2,13:43:00
500D-22,500D-22#1,0,69,1,12:00:00
500D-22,500D-22#2,0,43,0,12:02:00
500D-22,500D-22#3,0,55,1,12:04:00
500D-22,500D-22#4,0,50,1,12:07:00
500D-22,500D-22#5,0,47,2,12:09:00
500D-22,500D-22#6,0,66,0,12:12:00
500D-22,500D-22#7,0,62,0,12:17:00
500D-22,500D-22#8,0,40,2,12:19:00
500D-22,500D-22#9,0,63,2,12:22:00
500D-22,500D-22#10,0,47,1,12:24:00
500D-22,500D-22#11,0,40,2,12:26:00
500D-22,500D-22#12,0,48,2,12:31:00
500D-22,500D-22#13,0,40,0,12:33:00
500D-22,500D-22#14,0,44,2,12:35:00
500D-22,500D-22#15,0,63,2,12:38:00
500D-22,500D-22#16,0,45,1,12:43:00
500D-22,500D-22#17,0,68,1,12:47:00
500D-22,500D-22#18,0,50,0,12:50:00
500D-22,500D-22#19,0,60,2,12:52:00
500D-22,500D-22#20,0,43,0,12:56:00
500D-22,500D-22#21,0,59,2,13:01:00
500D-22,500D-22#22,0,65,1,13:06:00
500D-22,500D-22#23,0,58,1,13:08:00
500D-22,500D-22#24,0,66,1,13:12:00
500D-22,500D-22#25,0,41,1,13:17:00
500D-22,500D-22#26,0,50,2,13:20:00
500D-22,500D-22#27,0,62,0,13:24:00
500D-22,500D-22#28,0,56,2,13:27:00
500D-22,500D-22#29,0,56,1,13:31:00
500D-22,500D-22#30,0,66,0,13:35:00
500D-22,500D-22#31,0,45,1,13:39:00
500D-22,500D-22#32,0,67,2,13:41:00
500D-22,500D-22#33,0,61,2,13:44:00
500D-22,500D-22#34,0,48,2,13:46:00
500D-22,500D-22#35,0,62,1,13:51:00
500D-22,500D-22#36,0,68,1,13:53:00
500D-22,500D-22#37,0,50,0,13:56:00
500D-23,500D-23#1,0,47,2,12:20:00
500D-23,500D-23#2,0,58,2,12:22:00
500D-23,500D-23#3,0,63,0,12:24:00
500D-23,500D-23#4,0,56,1,12:28:00
500D-23,500D-23#5,0,66,1,12:32:00
500D-23,500D-23#6,0,44,2,12:35:00
500D-23,500D-23#7,0,47,2,12:37:00
500D-23,500D-23#8,0,64,0,12:39:00
500D-23,500D-23#9,0,44,1,12:41:00
500D-23,500D-23#10,0,43,1,12:44:00
500D-23,500D-23#11,0,42,0,12:46:00
500D-23,500D-23#12,0,52,2,12:50:00
500D-23,500D-23#13,0,58,1,12:52:00
500D-23,500D-23#14,0,65,0,12:56:00
500D-23,500D-23#15,0,58,2,12:59:00
500D-23,500D-23#16,0,63,0,13:01:00
500D-23,500D-23#17,0,52,2,13:03:00
500D-23,500D-23#18,0,60,2,13:07:00
500D-23,500D-23#19,0,44,1,13:10:00
500D-23,500D-23#20,0,60,1,13:14:00
500D-23,500D-23#21,0,67,2,13:18:00
500D-23,500D-23#22,0,45,0,13:23:00
500D-23,500D-23#23,0,65,0,13:25:00
500D-23,500D-23#24,0,66,2,13:30:00
500D-23,500D-23#25,0,52,1,13:35:00
500D-23,500D-23#26,0,44,2,13:39:00
500D-23,500D-23#27,0,62,2,13:42:00
500D-23,500D-23#28,0,63,1,13:45:00
500D-23,500D-23#29,0,43,0,13:47:00
500D-23,500D-23#30,0,44,1,13:50:00
500D-23,500D-23#31,0,61,0,13:55:00
500D-23,500D-23#32,0,55,0,13:59:00
500D-23,500D-23#33,0,48,1,14:04:00
500D-23,500D-23#34,0,47,2,14:09:00
500D-23,500D-23#35,0,63,2,14:11:00
500D-23,500D-23#36,0,66,0,14:14:00
500D-23,500D-23#37,0,68,1,14:16:00
500D-24,500D-24#1,0,68,1,12:40:00
500D-24,500D-24#2,0,48,2,12:43:00
500D-24,500D-24#3,0,41,1,12:45:00
500D-24,500D-24#4,0,60,0,12:50:00
500D-24,500D-24#5,0,57,1,12:55:00
500D-24,500D-24#6,0,65,0,12:58:00
500D-24,500D-24#7,0,66,1,13:02:00
500D-24,500D-24#8,0,54,0,13:07:00
500D-24,500D-24#9,0,63,0,13:12:00
500D-24,500D-24#10,0,52,0,13:17:00
500D-24,500D-24#11,0,65,0,13:19:00
500D-24,500D-24#12,0,68,2,13:23:00
500D-24,500D-24#13,0,56,1,13:25:00
500D-24,500D-24#14,0,69,0,13:29:00
500D-24,500D-24#15,0,60,0,13:31:00
500D-24,500D-24#16,0,48,1,13:35:00
500D-24,500D-24#17,0,68,1,13:40:00
500D-24,500D-24#18,0,55,1,13:42:00
500D-24,500D-24#19,0,43,2,13:44:00
500D-24,500D-24#20,0,45,2,13:48:00
500D-24,500D-24#21,0,56,0,13:52:00
500D-24,500D-24#22,0,61,2,13:55:00
500D-24,500D-24#23,0,61,2,13:59:00
500D-24,500D-24#24,0,64,1,14:01:00
500D-24,500D-24#25,0,65,1,14:05:00
500D-24,500D-24#26,0,48,0,14:07:00
500D-24,500D-24#27,0,57,1,14:10:00
500D-24,500D-24#28,0,43,0,14:15:00
500D-24,500D-24#29,0,58,1,14:20:00
500D-24,500D-24#30,0,44,1,14:25:00
500D-24,500D-24#31,0,55,1,14:27:00
500D-24,500D-24#32,0,67,2,14:30:00
500D-24,500D-24#33,0,57,0,14:34:00
500D-24,500D-24#34,0,65,2,14:38:00
500D-24,500D-24#35,0,56,1,14:41:00
500D-24,500D-24#36,0,66,2,14:44:00
500D-24,500D-24#37,0,61,2,14:48:00
500D-25,500D-25#1,0,45,2,13:00:00
500D-25,500D-25#2,0,47,0,13:05:00
500D-25,500D-25#3,0,50,2,13:09:00
500D-25,500D-25#4,0,43,1,13:12:00
500D-25,500D-25#5,0,51,0,13:14:00
500D-25,500D-25#6,0,62,1,13:18:00
500D-25,500D-25#7,0,47,2,13:20:00
500D-25,500D-25#8,0,57,0,13:25:00
500D-25,500D-25#9,0,43,1,13:28:00
500D-25,500D-25#10,0,66,2,13:32:00
500D-25,500D-25#11,0,53,1,13:35:00
500D-25,500D-25#12,0,55,2,13:38:00
500D-25,500D-25#13,0,69,2,13:41:00
500D-25,500D-25#14,0,69,0,13:44:00
500D-25,500D-25#15,0,69,2,13:46:00
500D-25,500D-25#16,0,52,1,13:51:00
500D-25,500D-25#17,0,60,0,13:53:00
500D-25,500D-25#18,0,62,2,13:58:00
500D-25,500D-25#19,0,47,1,14:01:00
500D-25,500D-25#20,0,63,0,14:03:00
500D-25,500D-25#21,0,46,1,14:06:00
500D-25,500D-25#22,0,62,1,14:10:00
500D-25,500D-25#23,0,47,0,14:15:00
500D-25,500D-25#24,0,43,1,14:20:00
500D-25,500D-25#25,0,58,0,14:22:00
500D-25,500D-25#26,0,50,2,14:24:00
500D-25,500D-25#27,0,64,2,14:26:00
500D-25,500D-25#28,0,41,2,14:28:00
500D-25,500D-25#29,0,56,1,14:31:00
500D-25,500D-25#30,0,52,1,14:33:00
500D-25,500D-25#31,0,52,2,14:37:00
500D-25,500D-25#32,0,45,0,14:40:00
500D-25,500D-25#33,0,52,1,14:42:00
500D-25,500D-25#34,0,42,0,14:45:00
500D-25,500D-25#35,0,65,0,14:47:00
500D-25,500D-25#36,0,40,2,14:49:00
500D-25,500D-25#37,0,47,1,14:53:00
500D-26,500D-26#1,0,67,2,13:20:00
500D-26,500D-26#2,0,67,1,13:23:00
500D-26,500D-26#3,0,46,1,13:25:00
500D-26,500D-26#4,0,69,0,13:29:00
500D-26,500D-26#5,0,60,2,13:32:00
500D-26,500D-26#6,0,43,2,13:37:00
500D-26,500D-26#7,0,67,0,13:39:00
500D-26,500D-26#8,0,67,0,13:42:00
500D-26,500D-26#9,0,42,1,13:47:00
500D-26,500D-26#10,0,46,1,13:49:00
500D-26,500D-26#11,0,67,1,13:51:00
500D-26,500D-26#12,0,47,1,13:56:00
500D-26,500D-26#13,0,68,2,14:00:00
500D-26,500D-26#14,0,67,1,14:05:00
500D-26,500D-26#15,0,52,1,14:10:00
500D-26,500D-26#16,0,47,2,14:12:00
500D-26,500D-26#17,0,59,2,14:14:00
500D-26,500D-26#18,0,54,2,14:17:00
500D-26,500D-26#19,0,56,2,14:22:00
500D-26,500D-26#20,0,45,0,14:26:00
500D-26,500D-26#21,0,65,1,14:31:00
500D-26,500D-26#22,0,45,1,14:33:00
500D-26,500D-26#23,0,45,0,14:36:00
500D-26,500D-26#24,0,41,0,14:38:00
500D-26,500D-26#25,0,52,2,14:43:00
500D-26,500D-26#26,0,63,1,14:46:00
500D-26,500D-26#27,0,47,1,14:50:00
500D-26,500D-26#28,0,56,2,14:53:00
500D-26,500D-26#29,0,58,2,14:57:00
500D-26,500D-26#30,0,40,0,15:01:00
500D-26,500D-26#31,0,51,1,15:03:00
500D-26,500D-26#32,0,65,2,15:07:00
500D-26,500D-26#33,0,48,0,15:11:00
500D-26,500D-26#34,0,42,2,15:14:00
500D-26,500D-26#35,0,41,1,15:17:00
500D-26,500D-26#36,0,52,0,15:20:00
500D-26,500D-26#37,0,40,0,15:24:00
500D-27,500D-27#1,0,59,2,13:40:00
500D-27,500D-27#2,0,54,1,13:42:00
500D-27,500D-27#3,0,57,0,13:46:00
500D-27,500D-27#4,0,49,1,13:51:00
500D-27,500D-27#5,0,41,2,13:56:00
500D-27,500D-27#6,0,65,0,14:01:00
500D-27,500D-27#7,0,64,2,14:06:00
500D-27,500D-27#8,0,42,2,14:09:00
500D-27,500D-27#9,0,66,0,14:13:00
500D-27,500D-27#10,0,69,2,14:16:00
500D-27,500D-27#11,0,40,2,14:21:00
500D-27,500D-27#12,0,43,2,14:24:00
500D-27,500D-27#13,0,56,2,14:26:00
500D-27,500D-27#14,0,44,2,14:28:00
500D-27,500D-27#15,0,53,0,14:31:00
500D-27,500D-27#16,0,40,0,14:34:00
500D-27,500D-27#17,0,65,0,14:36:00
500D-27,500D-27#18,0,58,2,14:39:00
500D-27,500D-27#19,0,50,0,14:44:00
500D-27,500D-27#20,0,57,2,14:47:00
500D-27,500D-27#21,0,57,1,14:51:00
500D-27,500D-27#22,0,64,2,14:56:00
500D-27,500D-27#23,0,54,0,14:59:00
500D-27,500D-27#24,0,62,0,15:04:00
500D-27,500D-27#25,0,42,2,15:08:00
500D-27,500D-27#26,0,55,0,15:13:00
500D-27,500D-27#27,0,62,0,15:15:00
500D-27,500D-27#28,0,47,2,15:20:00
500D-27,500D-27#29,0,54,1,15:22:00
500D-27,500D-27#30,0,44,2,15:24:00
500D-27,500D-27#31,0,40,1,15:26:00
500D-27,500D-27#32,0,59,2,15:31:00
500D-27,500D-27#33,0,51,2,15:34:00
500D-27,500D-27#34,0,59,0,15:39:00
500D-27,500D-27#35,0,43,1,15:42:00
500D-27,500D-27#36,0,49,2,15:45:00
500D-27,500D-27#37,0,50,2,15:48:00
500D-28,500D-28#1,0,46,2,14:00:00
500D-28,500D-28#2,0,42,0,14:03:00
500D-28,500D-28#3,0,68,2,14:06:00
500D-28,500D-28#4,0,42,2,14:09:00
500D-28,500D-28#5,0,49,1,14:14:00
500D-28,500D-28#6,0,41,1,14:18:00
500D-28,500D-28#7,0,57,2,14:22:00
500D-28,500D-28#8,0,41,0,14:25:00
500D-28,500D-28#9,0,53,0,14:27:00
500D-28,500D-28#10,0,43,2,14:32:00
500D-28,500D-28#11,0,69,0,14:36:00
500D-28,500D-28#12,0,41,0,14:39:00
500D-28,500D-28#13,0,49,2,14:41:00
500D-28,500D-28#14,0,57,0,14:43:00
500D-28,500D-28#15,0,45,0,14:46:00
500D-28,500D-28#16,0,64,1,14:51:00
500D-28,500D-28#17,0,44,1,14:53:00
500D-28,500D-28#18,0,63,0,14:57:00
500D-28,500D-28#19,0,46,0,15:00:00
500D-28,500D-28#20,0,40,1,15:02:00
500D-28,500D-28#21,0,57,1,15:05:00
500D-28,500D-28#22,0,46,1,15:08:00
500D-28,500D-28#23,0,69,1,15:13:00
500D-28,500D-28#24,0,40,0,15:17:00
500D-28,500D-28#25,0,64,1,15:22:00
500D-28,500D-28#26,0,63,0,15:24:00
500D-28,500D-28#27,0,40,1,15:26:00
500D-28,500D-28#28,0,55,0,15:29:00
500D-28,500D-28#29,0,41,2,15:31:00
500D-28,500D-28#30,0,61,1,15:34:00
500D-28,500D-28#31,0,62,1,15:38:00
500D-28,500D-28#32,0,41,0,15:40:00
500D-28,500D-28#33,0,49,0,15:42:00
500D-28,500D-28#34,0,56,2,15:44:00
500D-28,500D-28#35,0,53,1,15:49:00
500D-28,500D-28#36,0,44,0,15:53:00
500D-28,500D-28#37,0,61,0,15:57:00
500D-29,500D-29#1,0,56,2,14:20:00
500D-29,500D-29#2,0,53,0,14:22:00
500D-29,500D-29#3,0,68,0,14:25:00
500D-29,500D-29#4,0,47,1,14:28:00
500D-29,500D-29#5,0,57,1,14:31:00
500D-29,500D-29#6,0,40,2,14:33:00
500D-29,500D-29#7,0,58,0,14:38:00
500D-29,500D-29#8,0,69,1,14:43:00
500D-29,500D-29#9,0,55,2,14:45:00
500D-29,500D-29#10,0,40,0,14:50:00
500D-29,500D-29#11,0,44,2,14:53:00
500D-29,500D-29#12,0,65,1,14:58:00
500D-29,500D-29#13,0,50,0,15:03:00
500D-29,500D-29#14,0,41,1,15:08:00
500D-29,500D-29#15,0,63,0,15:12:00
500D-29,500D-29#16,0,56,0,15:16:00
500D-29,500D-29#17,0,67,2,15:20:00
500D-29,500D-29#18,0,58,0,15:24:00
500D-29,500D-29#19,0,40,1,15:28:00
500D-29,500D-29#20,0,45,1,15:33:00
500D-29,500D-29#21,0,67,1,15:37:00
500D-29,500D-29#22,0,40,1,15:41:00
500D-29,500D-29#23,0,58,0,15:46:00
500D-29,500D-29#24,0,67,0,15:48:00
500D-29,500D-29#25,0,60,0,15:51:00
500D-29,500D-29#26,0,56,0,15:56:00
500D-29,500D-29#27,0,52,2,16:01:00
500D-29,500D-29#28,0,41,0,16:04:00
500D-29,500D-29#29,0,42,1,16:07:00
500D-29,500D-29#30,0,63,0,16:09:00
500D-29,500D-29#31,0,49,0,16:14:00
500D-29,500D-29#32,0,66,0,16:17:00
500D-29,500D-29#33,0,42,0,16:20:00
500D-29,500D-29#34,0,48,1,16:22:00
500D-29,500D-29#35,0,59,2,16:26:00
500D-29,500D-29#36,0,52,0,16:31:00
500D-29,500D-29#37,0,67,0,16:33:00
500D-30,500D-30#1,0,46,0,14:40:00
500D-30,500D-30#2,0,65,0,14:43:00
500D-30,500D-30#3,0,67,2,14:47:00
500D-30,500D-30#4,0,53,0,14:51:00
500D-30,500D-30#5,0,47,0,14:54:00
500D-30,500D-30#6,0,52,0,14:57:00
500D-30,500D-30#7,0,50,2,15:00:00
500D-30,500D-30#8,0,53,2,15:04:00
500D-30,500D-30#9,0,63,1,15:07:00
500D-30,500D-30#10,0,62,2,15:12:00
500D-30,500D-30#11,0,64,2,15:16:00
500D-30,500D-30#12,0,46,1,15:18:00
500D-30,500D-30#13,0,41,2,15:23:00
500D-30,500D-30#14,0,59,2,15:25:00
500D-30,500D-30#15,0,40,0,15:28:00
500D-30,500D-30#16,0,69,2,15:30:00
500D-30,500D-30#17,0,50,0,15:35:00
500D-30,500D-30#18,0,67,2,15:39:00
500D-30,500D-30#19,0,60,1,15:44:00
500D-30,500D-30#20,0,58,2,15:49:00
500D-30,500D-30#21,0,53,0,15:53:00
500D-30,500D-30#22,0,48,2,15:57:00
500D-30,500D-30#23,0,52,1,15:59:00
500D-30,500D-30#24,0,49,2,16:02:00
500D-30,500D-30#25,0,41,2,16:04:00
500D-30,500D-30#26,0,62,0,16:06:00
500D-30,500D-30#27,0,65,0,16:11:00
500D-30,500D-30#28,0,43,0,16:14:00
500D-30,500D-30#29,0,63,0,16:17:00
500D-30,500D-30#30,0,44,1,16:22:00
500D-30,500D-30#31,0,61,2,16:25:00
500D-30,500D-30#32,0,41,1,16:29:00
500D-30,500D-30#33,0,43,1,16:34:00
500D-30,500D-30#34,0,44,2,16:36:00
500D-30,500D-30#35,0,57,1,16:38:00
500D-30,500D-30#36,0,57,0,16:42:00
500D-30,500D-30#37,0,68,1,16:45:00
500D-31,500D-31#1,0,51,1,15:00:00
500D-31,500D-31#2,0,42,1,15:04:00
500D-31,500D-31#3,0,58,1,15:07:00
500D-31,500D-31#4,0,46,1,15:11:00
500D-31,500D-31#5,0,65,2,15:16:00
500D-31,500D-31#6,0,69,2,15:19:00
500D-31,500D-31#7,0,47,0,15:24:00
500D-31,500D-31#8,0,62,1,15:26:00
500D-31,500D-31#9,0,55,0,15:29:00
500D-31,500D-31#10,0,66,2,15:31:00
500D-31,500D-31#11,0,43,0,15:33:00
500D-31,500D-31#12,0,40,2,15:38:00
500D-31,500D-31#13,0,55,1,15:40:00
500D-31,500D-31#14,0,52,0,15:44:00
500D-31,500D-31#15,0,41,0,15:49:00
500D-31,500D-31#16,0,46,0,15:53:00
500D-31,500D-31#17,0,55,2,15:57:00
500D-31,500D-31#18,0,58,2,16:00:00
500D-31,500D-31#19,0,52,2,16:04:00
500D-31,500D-31#20,0,47,0,16:08:00
500D-31,500D-31#21,0,64,0,16:11:00
500D-31,500D-31#22,0,66,0,16:16:00
500D-31,500D-31#23,0,48,0,16:21:00
500D-31,500D-31#24,0,43,2,16:24:00
500D-31,500D-31#25,0,53,2,16:28:00
500D-31,500D-31#26,0,49,0,16:31:00
500D-31,500D-31#27,0,64,2,16:35:00
500D-31,500D-31#28,0,62,2,16:39:00
500D-31,500D-31#29,0,59,1,16:41:00
500D-31,500D-31#30,0,62,2,16:43:00
500D-31,500D-31#31,0,54,0,16:48:00
500D-31,500D-31#32,0,57,1,16:51:00
500D-31,500D-31#33,0,67,1,16:54:00
500D-31,500D-31#34,0,43,2,16:58:00
500D-31,500D-31#35,1,91,3,17:00:00
500D-31,500D-31#36,1,89,4,17:03:00
500D-31,500D-31#37,1,75,2,17:05:00
500D-32,500D-32#1,0,58,2,15:20:00
500D-32,500D-32#2,0,60,1,15:24:00
500D-32,500D-32#3,0,50,2,15:29:00
500D-32,500D-32#4,0,40,1,15:34:00
500D-32,500D-32#5,0,56,2,15:39:00
500D-32,500D-32#6,0,44,1,15:43:00
500D-32,500D-32#7,0,57,1,15:45:00
500D-32,500D-32#8,0,48,0,15:49:00
500D-32,500D-32#9,0,57,0,15:54:00
500D-32,500D-32#10,0,44,2,15:59:00
500D-32,500D-32#11,0,48,2,16:02:00
500D-32,500D-32#12,0,65,2,16:05:00
500D-32,500D-32#13,0,56,2,16:09:00
500D-32,500D-32#14,0,69,0,16:14:00
500D-32,500D-32#15,0,53,0,16:16:00
500D-32,500D-32#16,0,40,0,16:18:00
500D-32,500D-32#17,0,50,1,16:21:00
500D-32,500D-32#18,0,61,1,16:26:00
500D-32,500D-32#19,0,69,2,16:29:00
500D-32,500D-32#20,0,49,1,16:31:00
500D-32,500D-32#21,0,67,1,16:35:00
500D-32,500D-32#22,0,47,0,16:37:00
500D-32,500D-32#23,0,61,2,16:40:00
500D-32,500D-32#24,0,45,1,16:43:00
500D-32,500D-32#25,0,51,1,16:45:00
500D-32,500D-32#26,0,40,2,16:48:00
500D-32,500D-32#27,0,55,1,16:53:00
500D-32,500D-32#28,0,48,1,16:56:00
500D-32,500D-32#29,0,62,0,16:58:00
500D-32,500D-32#30,1,92,5,17:00:00
500D-32,500D-32#31,1,89,5,17:05:00
500D-32,500D-32#32,1,72,3,17:10:00
500D-32,500D-32#33,1,73,5,17:13:00
500D-32,500D-32#34,1,84,2,17:17:00
500D-32,500D-32#35,1,74,5,17:19:00
500D-32,500D-32#36,1,85,4,17:23:00
500D-32,500D-32#37,1,76,4,17:28:00
500D-33,500D-33#1,0,50,1,15:40:00
500D-33,500D-33#2,0,62,2,15:42:00
500D-33,500D-33#3,0,51,1,15:45:00
500D-33,500D-33#4,0,47,1,15:47:00
500D-33,500D-33#5,0,61,2,15:49:00
500D-33,500D-33#6,0,47,1,15:52:00
500D-33,500D-33#7,0,45,2,15:56:00
500D-33,500D-33#8,0,65,2,15:58:00
500D-33,500D-33#9,0,40,1,16:03:00
500D-33,500D-33#10,0,55,2,16:08:00
500D-33,500D-33#11,0,60,1,16:11:00
500D-33,500D-33#12,0,43,1,16:13:00
500D-33,500D-33#13,0,43,2,16:16:00
500D-33,500D-33#14,0,50,2,16:18:00
500D-33,500D-33#15,0,46,2,16:20:00
500D-33,500D-33#16,0,61,2,16:25:00
500D-33,500D-33#17,0,51,1,16:27:00
500D-33,500D-33#18,0,47,0,16:29:00
500D-33,500D-33#19,0,44,1,16:33:00
500D-33,500D-33#20,0,56,2,16:38:00
500D-33,500D-33#21,0,43,1,16:41:00
500D-33,500D-33#22,0,52,0,16:45:00
500D-33,500D-33#23,0,40,1,16:50:00
500D-33,500D-33#24,0,44,1,16:54:00
500D-33,500D-33#25,0,64,0,16:59:00
500D-33,500D-33#26,1,73,2,17:01:00
500D-33,500D-33#27,1,82,2,17:03:00
500D-33,500D-33#28,1,97,5,17:05:00
500D-33,500D-33#29,1,98,4,17:10:00
500D-33,500D-33#30,1,92,4,17:14:00
500D-33,500D-33#31,1,89,5,17:16:00
500D-33,500D-33#32,1,73,2,17:20:00
500D-33,500D-33#33,1,77,3,17:25:00
500D-33,500D-33#34,1,84,3,17:29:00
500D-33,500D-33#35,1,82,3,17:32:00
500D-33,500D-33#36,1,78,2,17:36:00
500D-33,500D-33#37,1,98,3,17:41:00
500D-34,500D-34#1,0,50,2,16:00:00
500D-34,500D-34#2,0,68,1,16:04:00
500D-34,500D-34#3,0,44,1,16:07:00
500D-34,500D-34#4,0,52,1,16:11:00
500D-34,500D-34#5,0,57,0,16:14:00
500D-34,500D-34#6,0,46,0,16:19:00
500D-34,500D-34#7,0,69,2,16:21:00
500D-34,500D-34#8,0,55,2,16:26:00
500D-34,500D-34#9,0,42,2,16:28:00
500D-34,500D-34#10,0,69,2,16:30:00
500D-34,500D-34#11,0,49,0,16:33:00
500D-34,500D-34#12,0,42,0,16:37:00
500D-34,500D-34#13,0,43,0,16:39:00
500D-34,500D-34#14,0,68,0,16:44:00
500D-34,500D-34#15,0,67,0,16:48:00
500D-34,500D-34#16,0,60,0,16:52:00
500D-34,500D-34#17,0,63,2,16:55:00
500D-34,500D-34#18,0,65,0,16:57:00
500D-34,500D-34#19,1,88,3,17:02:00
500D-34,500D-34#20,1,72,5,17:05:00
500D-34,500D-34#21,1,71,4,17:08:00
500D-34,500D-34#22,1,70,2,17:13:00
500D-34,500D-34#23,1,99,5,17:15:00
500D-34,500D-34#24,1,71,5,17:18:00
500D-34,500D-34#25,1,70,2,17:22:00
500D-34,500D-34#26,1,75,5,17:25:00
500D-34,500D-34#27,1,89,3,17:30:00
500D-34,500D-34#28,1,82,3,17:33:00
500D-34,500D-34#29,1,91,2,17:35:00
500D-34,500D-34#30,1,93,3,17:37:00
500D-34,500D-34#31,1,90,3,17:42:00
500D-34,500D-34#32,1,85,4,17:44:00
500D-34,500D-34#33,1,74,4,17:47:00
500D-34,500D-34#34,1,84,3,17:50:00
500D-34,500D-34#35,1,80,4,17:55:00
500D-34,500D-34#36,1,95,4,17:58:00
500D-34,500D-34#37,1,85,3,18:01:00
500D-35,500D-35#1,0,50,0,16:20:00
500D-35,500D-35#2,0,66,1,16:23:00
500D-35,500D-35#3,0,45,1,16:26:00
500D-35,500D-35#4,0,41,1,16:31:00
500D-35,500D-35#5,0,64,1,16:35:00
500D-35,500D-35#6,0,49,1,16:39:00
500D-35,500D-35#7,0,58,0,16:43:00
500D-35,500D-35#8,0,47,0,16:48:00
500D-35,500D-35#9,0,64,2,16:51:00
500D-35,500D-35#10,0,46,0,16:56:00
500D-35,500D-35#11,1,71,5,17:00:00
500D-35,500D-35#12,1,95,2,17:02:00
500D-35,500D-35#13,1,94,4,17:07:00
500D-35,500D-35#14,1,73,2,17:09:00
500D-35,500D-35#15,1,94,2,17:12:00
500D-35,500D-35#16,1,93,2,17:15:00
500D-35,500D-35#17,1,82,5,17:19:00
500D-35,500D-35#18,1,70,2,17:23:00
500D-35,500D-35#19,1,86,4,17:27:00
500D-35,500D-35#20,1,70,4,17:30:00
500D-35,500D-35#21,1,91,4,17:33:00
500D-35,500D-35#22,1,71,2,17:38:00
500D-35,500D-35#23,1,98,2,17:43:00
500D-35,500D-35#24,1,70,3,17:47:00
500D-35,500D-35#25,1,72,5,17:49:00
500D-35,500D-35#26,1,79,5,17:51:00
500D-35,500D-35#27,1,72,3,17:56:00
500D-35,500D-35#28,1,77,3,17:58:00
500D-35,500D-35#29,1,88,5,18:02:00
500D-35,500D-35#30,1,71,5,18:04:00
500D-35,500D-35#31,1,74,3,18:08:00
500D-35,500D-35#32,1,99,2,18:12:00
500D-35,500D-35#33,1,79,3,18:17:00
500D-35,500D-35#34,1,80,3,18:21:00
500D-35,500D-35#35,1,71,2,18:26:00
500D-35,500D-35#36,1,83,4,18:30:00
500D-35,500D-35#37,1,86,5,18:32:00
500D-36,500D-36#1,0,41,1,16:40:00
500D-36,500D-36#2,0,55,0,16:43:00
500D-36,500D-36#3,0,52,2,16:47:00
500D-36,500D-36#4,0,65,2,16:49:00
500D-36,500D-36#5,0,56,2,16:54:00
500D-36,500D-36#6,0,49,0,16:56:00
500D-36,500D-36#7,0,48,1,16:59:00
500D-36,500D-36#8,1,81,4,17:02:00
500D-36,500D-36#9,1,91,5,17:05:00
500D-36,500D-36#10,1,91,3,17:09:00
500D-36,500D-36#11,1,77,2,17:12:00
500D-36,500D-36#12,1,80,5,17:15:00
500D-36,500D-36#13,1,81,5,17:20:00
500D-36,500D-36#14,1,91,4,17:22:00
500D-36,500D-36#15,1,76,5,17:24:00
500D-36,500D-36#16,1,98,3,17:28:00
500D-36,500D-36#17,1,97,5,17:33:00
500D-36,500D-36#18,1,84,4,17:37:00
500D-36,500D-36#19,1,76,3,17:39:00
500D-36,500D-36#20,1,71,5,17:41:00
500D-36,500D-36#21,1,94,2,17:44:00
500D-36,500D-36#22,1,74,3,17:47:00
500D-36,500D-36#23,1,73,2,17:49:00
500D-36,500D-36#24,1,89,3,17:52:00
500D-36,500D-36#25,1,99,2,17:56:00
500D-36,500D-36#26,1,70,2,17:58:00
500D-36,500D-36#27,1,75,3,18:03:00
500D-36,500D-36#28,1,75,3,18:05:00
500D-36,500D-36#29,1,84,2,18:10:00
500D-36,500D-36#30,1,75,5,18:15:00
500D-36,500D-36#31,1,78,3,18:19:00
500D-36,500D-36#32,1,95,4,18:21:00
500D-36,500D-36#33,1,83,5,18:26:00
500D-36,500D-36#34,1,70,3,18:28:00
500D-36,500D-36#35,1,94,2,18:33:00
500D-36,500D-36#36,1,98,4,18:35:00
500D-36,500D-36#37,1,87,4,18:38:00
500D-37,500D-37#1,1,71,4,17:00:00
500D-37,500D-37#2,1,96,4,17:05:00
500D-37,500D-37#3,1,94,2,17:08:00
500D-37,500D-37#4,1,78,3,17:13:00
500D-37,500D-37#5,1,86,2,17:16:00
500D-37,500D-37#6,1,79,4,17:18:00
500D-37,500D-37#7,1,82,2,17:21:00
500D-37,500D-37#8,1,98,3,17:25:00
500D-37,500D-37#9,1,93,4,17:28:00
500D-37,500D-37#10,1,70,5,17:30:00
500D-37,500D-37#11,1,75,2,17:33:00
500D-37,500D-37#12,1,92,2,17:38:00
500D-37,500D-37#13,1,88,2,17:41:00
500D-37,500D-37#14,1,90,5,17:46:00
500D-37,500D-37#15,1,71,2,17:49:00
500D-37,500D-37#16,1,70,2,17:52:00
500D-37,500D-37#17,1,81,3,17:57:00
500D-37,500D-37#18,1,76,3,17:59:00
500D-37,500D-37#19,1,77,3,18:01:00
500D-37,500D-37#20,1,90,4,18:03:00
500D-37,500D-37#21,1,78,4,18:08:00
500D-37,500D-37#22,1,77,4,18:12:00
500D-37,500D-37#23,1,91,4,18:16:00
500D-37,500D-37#24,1,86,3,18:19:00
500D-37,500D-37#25,1,95,2,18:21:00
500D-37,500D-37#26,1,80,2,18:25:00
500D-37,500D-37#27,1,71,4,18:28:00
500D-37,500D-37#28,1,85,4,18:33:00
500D-37,500D-37#29,1,71,5,18:37:00
500D-37,500D-37#30,1,73,2,18:39:00
500D-37,500D-37#31,1,80,3,18:42:00
500D-37,500D-37#32,1,83,5,18:47:00
500D-37,500D-37#33,1,83,2,18:50:00
500D-37,500D-37#34,1,87,3,18:54:00
500D-37,500D-37#35,1,80,5,18:58:00
500D-37,500D-37#36,1,82,4,19:01:00
500D-37,500D-37#37,1,86,4,19:04:00
500D-38,500D-38#1,1,83,5,17:20:00
500D-38,500D-38#2,1,85,4,17:22:00
500D-38,500D-38#3,1,99,5,17:24:00
500D-38,500D-38#4,1,99,3,17:28:00
500D-38,500D-38#5,1,89,4,17:32:00
500D-38,500D-38#6,1,91,4,17:35:00
500D-38,500D-38#7,1,88,2,17:38:00
500D-38,500D-38#8,1,75,5,17:40:00
500D-38,500D-38#9,1,80,2,17:43:00
500D-38,500D-38#10,1,89,3,17:47:00
500D-38,500D-38#11,1,81,5,17:52:00
500D-38,500D-38#12,1,89,3,17:56:00
500D-38,500D-38#13,1,92,4,18:01:00
500D-38,500D-38#14,1,94,5,18:04:00
500D-38,500D-38#15,1,91,2,18:06:00
500D-38,500D-38#16,1,70,3,18:10:00
500D-38,500D-38#17,1,91,4,18:15:00
500D-38,500D-38#18,1,99,4,18:18:00
500D-38,500D-38#19,1,97,2,18:23:00
500D-38,500D-38#20,1,84,4,18:28:00
500D-38,500D-38#21,1,85,5,18:32:00
500D-38,500D-38#22,1,71,4,18:34:00
500D-38,500D-38#23,1,71,3,18:38:00
500D-38,500D-38#24,1,85,2,18:40:00
500D-38,500D-38#25,1,73,4,18:42:00
500D-38,500D-38#26,1,94,2,18:47:00
500D-38,500D-38#27,1,85,4,18:50:00
500D-38,500D-38#28,1,91,3,18:52:00
500D-38,500D-38#29,1,87,4,18:56:00
500D-38,500D-38#30,1,97,5,19:00:00
500D-38,500D-38#31,1,72,5,19:03:00
500D-38,500D-38#32,1,70,5,19:06:00
500D-38,500D-38#33,1,91,5,19:10:00
500D-38,500D-38#34,1,94,4,19:15:00
500D-38,500D-38#35,1,92,5,19:18:00
500D-38,500D-38#36,1,92,2,19:22:00
500D-38,500D-38#37,1,96,4,19:27:00
500D-39,500D-39#1,1,90,2,17:40:00
500D-39,500D-39#2,1,86,4,17:44:00
500D-39,500D-39#3,1,87,3,17:49:00
500D-39,500D-39#4,1,88,2,17:54:00
500D-39,500D-39#5,1,81,2,17:59:00
500D-39,500D-39#6,1,92,3,18:02:00
500D-39,500D-39#7,1,86,5,18:07:00
500D-39,500D-39#8,1,71,3,18:09:00
500D-39,500D-39#9,1,71,5,18:14:00
500D-39,500D-39#10,1,88,4,18:19:00
500D-39,500D-39#11,1,91,3,18:23:00
500D-39,500D-39#12,1,74,5,18:26:00
500D-39,500D-39#13,1,89,4,18:29:00
500D-39,500D-39#14,1,91,2,18:31:00
500D-39,500D-39#15,1,71,4,18:33:00
500D-39,500D-39#16,1,75,4,18:38:00
500D-39,500D-39#17,1,88,2,18:43:00
500D-39,500D-39#18,1,86,4,18:45:00
500D-39,500D-39#19,1,86,5,18:48:00
500D-39,500D-39#20,1,74,5,18:52:00
500D-39,500D-39#21,1,91,3,18:57:00
500D-39,500D-39#22,1,85,5,19:02:00
500D-39,500D-39#23,1,84,5,19:04:00
500D-39,500D-39#24,1,90,2,19:07:00
500D-39,500D-39#25,1,70,4,19:09:00
500D-39,500D-39#26,1,81,3,19:11:00
500D-39,500D-39#27,1,78,5,19:14:00
500D-39,500D-39#28,1,85,4,19:16:00
500D-39,500D-39#29,1,98,5,19:18:00
500D-39,500D-39#30,1,95,2,19:21:00
500D-39,500D-39#31,1,93,3,19:25:00
500D-39,500D-39#32,1,94,3,19:27:00
500D-39,500D-39#33,1,97,5,19:31:00
500D-39,500D-39#34,1,81,2,19:36:00
500D-39,500D-39#35,1,94,3,19:41:00
500D-39,500D-39#36,1,94,5,19:45:00
500D-39,500D-39#37,1,85,4,19:49:00
500D-40,500D-40#1,1,73,5,18:00:00
500D-40,500D-40#2,1,80,2,18:05:00
500D-40,500D-40#3,1,89,4,18:08:00
500D-40,500D-40#4,1,89,5,18:11:00
500D-40,500D-40#5,1,98,3,18:15:00
500D-40,500D-40#6,1,99,4,18:19:00
500D-40,500D-40#7,1,71,2,18:24:00
500D-40,500D-40#8,1,76,2,18:26:00
500D-40,500D-40#9,1,88,2,18:30:00
500D-40,500D-40#10,1,86,2,18:32:00
500D-40,500D-40#11,1,93,2,18:34:00
500D-40,500D-40#12,1,84,4,18:39:00
500D-40,500D-40#13,1,82,4,18:44:00
500D-40,500D-40#14,1,79,2,18:49:00
500D-40,500D-40#15,1,84,5,18:51:00
500D-40,500D-40#16,1,82,2,18:55:00
500D-40,500D-40#17,1,98,5,18:59:00
500D-40,500D-40#18,1,83,2,19:03:00
500D-40,500D-40#19,1,90,5,19:07:00
500D-40,500D-40#20,1,78,4,19:09:00
500D-40,500D-40#21,1,97,4,19:11:00
500D-40,500D-40#22,1,86,3,19:15:00
500D-40,500D-40#23,1,83,3,19:17:00
500D-40,500D-40#24,1,98,5,19:20:00
500D-40,500D-40#25,1,72,4,19:22:00
500D-40,500D-40#26,1,88,4,19:24:00
500D-40,500D-40#27,1,84,3,19:28:00
500D-40,500D-40#28,1,80,5,19:32:00
500D-40,500D-40#29,1,74,2,19:34:00
500D-40,500D-40#30,1,89,5,19:37:00
500D-40,500D-40#31,1,90,4,19:39:00
500D-40,500D-40#32,1,95,2,19:44:00
500D-40,500D-40#33,1,75,4,19:46:00
500D-40,500D-40#34,1,90,5,19:50:00
500D-40,500D-40#35,1,97,2,19:54:00
500D-40,500D-40#36,1,93,3,19:57:00
500D-40,500D-40#37,1,90,5,19:59:00
500D-41,500D-41#1,1,70,4,18:20:00
500D-41,500D-41#2,1,89,4,18:25:00
500D-41,500D-41#3,1,85,5,18:29:00
500D-41,500D-41#4,1,70,2,18:32:00
500D-41,500D-41#5,1,99,2,18:36:00
500D-41,500D-41#6,1,86,3,18:38:00
500D-41,500D-41#7,1,72,3,18:40:00
500D-41,500D-41#8,1,71,4,18:44:00
500D-41,500D-41#9,1,98,2,18:49:00
500D-41,500D-41#10,1,86,3,18:51:00
500D-41,500D-41#11,1,82,4,18:56:00
500D-41,500D-41#12,1,92,4,18:59:00
500D-41,500D-41#13,1,81,2,19:03:00
500D-41,500D-41#14,1,80,4,19:05:00
500D-41,500D-41#15,1,92,2,19:07:00
500D-41,500D-41#16,1,84,2,19:11:00
500D-41,500D-41#17,1,76,5,19:14:00
500D-41,500D-41#18,1,76,2,19:18:00
500D-41,500D-41#19,1,97,5,19:21:00
500D-41,500D-41#20,1,86,3,19:24:00
500D-41,500D-41#21,1,70,2,19:27:00
500D-41,500D-41#22,1,93,3,19:29:00
500D-41,500D-41#23,1,98,4,19:32:00
500D-41,500D-41#24,1,88,4,19:37:00
500D-41,500D-41#25,1,92,2,19:42:00
500D-41,500D-41#26,1,88,5,19:47:00
500D-41,500D-41#27,1,84,2,19:52:00
500D-41,500D-41#28,1,79,3,19:57:00
500D-41,500D-41#29,1,83,5,20:01:00
500D-41,500D-41#30,1,75,2,20:05:00
500D-41,500D-41#31,1,73,2,20:10:00
500D-41,500D-41#32,1,99,4,20:12:00
500D-41,500D-41#33,1,99,4,20:16:00
500D-41,500D-41#34,1,96,4,20:18:00
500D-41,500D-41#35,1,70,4,20:21:00
500D-41,500D-41#36,1,74,2,20:26:00
500D-41,500D-41#37,1,90,5,20:29:00
500D-42,500D-42#1,1,89,2,18:40:00
500D-42,500D-42#2,1,73,4,18:43:00
500D-42,500D-42#3,1,91,5,18:48:00
500D-42,500D-42#4,1,95,3,18:52:00
500D-42,500D-42#5,1,93,4,18:56:00
500D-42,500D-42#6,1,77,3,19:01:00
500D-42,500D-42#7,1,72,2,19:05:00
500D-42,500D-42#8,1,98,5,19:10:00
500D-42,500D-42#9,1,97,3,19:15:00
500D-42,500D-42#10,1,74,2,19:18:00
500D-42,500D-42#11,1,83,5,19:23:00
500D-42,500D-42#12,1,93,3,19:27:00
500D-42,500D-42#13,1,75,3,19:31:00
500D-42,500D-42#14,1,96,4,19:33:00
500D-42,500D-42#15,1,70,3,19:38:00
500D-42,500D-42#16,1,76,5,19:41:00
500D-42,500D-42#17,1,73,4,19:46:00
500D-42,500D-42#18,1,79,2,19:49:00
500D-42,500D-42#19,1,78,5,19:53:00
500D-42,500D-42#20,1,98,5,19:58:00
500D-42,500D-42#21,1,93,5,20:03:00
500D-42,500D-42#22,1,95,3,20:05:00
500D-42,500D-42#23,1,73,4,20:09:00
500D-42,500D-42#24,1,87,4,20:14:00
500D-42,500D-42#25,1,77,2,20:19:00
500D-42,500D-42#26,1,74,4,20:21:00
500D-42,500D-42#27,1,83,5,20:25:00
500D-42,500D-42#28,1,98,4,20:29:00
500D-42,500D-42#29,1,80,4,20:32:00
500D-42,500D-42#30,1,80,5,20:37:00
500D-42,500D-42#31,1,95,3,20:42:00
500D-42,500D-42#32,1,84,3,20:45:00
500D-42,500D-42#33,1,80,4,20:48:00
500D-42,500D-42#34,1,77,5,20:50:00
500D-42,500D-42#35,1,92,3,20:54:00
500D-42,500D-42#36,1,94,3,20:59:00
500D-42,500D-42#37,0,48,0,21:04:00
500D-43,500D-43#1,1,88,4,19:00:00
500D-43,500D-43#2,1,89,3,19:05:00
500D-43,500D-43#3,1,91,2,19:08:00
500D-43,500D-43#4,1,90,4,19:11:00
500D-43,500D-43#5,1,73,5,19:16:00
500D-43,500D-43#6,1,79,3,19:18:00
500D-43,500D-43#7,1,80,4,19:20:00
500D-43,500D-43#8,1,80,4,19:23:00
500D-43,500D-43#9,1,71,3,19:25:00
500D-43,500D-43#10,1,71,2,19:29:00
500D-43,500D-43#11,1,79,4,19:31:00
500D-43,500D-43#12,1,77,3,19:36:00
500D-43,500D-43#13,1,86,3,19:39:00
500D-43,500D-43#14,1,80,5,19:44:00
500D-43,500D-43#15,1,74,3,19:47:00
500D-43,500D-43#16,1,96,4,19:50:00
500D-43,500D-43#17,1,74,5,19:54:00
500D-43,500D-43#18,1,84,5,19:59:00
500D-43,500D-43#19,1,89,4,20:04:00
500D-43,500D-43#20,1,82,2,20:07:00
500D-43,500D-43#21,1,95,4,20:11:00
500D-43,500D-43#22,1,93,4,20:14:00
500D-43,500D-43#23,1,94,4,20:19:00
500D-43,500D-43#24,1,76,5,20:21:00
500D-43,500D-43#25,1,71,4,20:25:00
500D-43,500D-43#26,1,78,3,20:29:00
500D-43,500D-43#27,1,80,5,20:31:00
500D-43,500D-43#28,1,99,5,20:35:00
500D-43,500D-43#29,1,97,5,20:37:00
500D-43,500D-43#30,1,93,3,20:42:00
500D-43,500D-43#31,1,91,2,20:47:00
500D-43,500D-43#32,1,97,5,20:49:00
500D-43,500D-43#33,1,87,4,20:53:00
500D-43,500D-43#34,1,78,5,20:56:00
500D-43,500D-43#35,1,93,4,20:59:00
500D-43,500D-43#36,0,41,0,21:02:00
500D-43,500D-43#37,0,39,2,21:05:00
500D-44,500D-44#1,1,83,5,19:20:00
500D-44,500D-44#2,1,81,4,19:24:00
500D-44,500D-44#3,1,76,5,19:29:00
500D-44,500D-44#4,1,89,5,19:32:00
500D-44,500D-44#5,1,81,3,19:35:00
500D-44,500D-44#6,1,84,3,19:38:00
500D-44,500D-44#7,1,92,4,19:41:00
500D-44,500D-44#8,1,70,3,19:46:00
500D-44,500D-44#9,1,95,4,19:48:00
500D-44,500D-44#10,1,79,5,19:52:00
500D-44,500D-44#11,1,71,4,19:56:00
500D-44,500D-44#12,1,70,2,19:58:00
500D-44,500D-44#13,1,91,4,20:03:00
500D-44,500D-44#14,1,92,5,20:05:00
500D-44,500D-44#15,1,96,4,20:10:00
500D-44,500D-44#16,1,96,5,20:13:00
500D-44,500D-44#17,1,94,4,20:17:00
500D-44,500D-44#18,1,73,3,20:21:00
500D-44,500D-44#19,1,94,4,20:26:00
500D-44,500D-44#20,1,90,5,20:30:00
500D-44,500D-44#21,1,83,5,20:33:00
500D-44,500D-44#22,1,92,2,20:38:00
500D-44,500D-44#23,1,75,4,20:40:00
500D-44,500D-44#24,1,96,2,20:42:00
500D-44,500D-44#25,1,77,2,20:46:00
500D-44,500D-44#26,1,87,2,20:51:00
500D-44,500D-44#27,1,86,3,20:53:00
500D-44,500D-44#28,1,87,4,20:57:00
500D-44,500D-44#29,0,30,1,21:00:00
500D-44,500D-44#30,0,44,1,21:04:00
500D-44,500D-44#31,0,36,0,21:07:00
500D-44,500D-44#32,0,49,1,21:10:00
500D-44,500D-44#33,0,42,0,21:13:00
500D-44,500D-44#34,0,44,0,21:15:00
500D-44,500D-44#35,0,37,1,21:18:00
500D-44,500D-44#36,0,41,1,21:22:00
500D-44,500D-44#37,0,25,1,21:25:00
500D-45,500D-45#1,1,98,5,19:40:00
500D-45,500D-45#2,1,72,2,19:42:00
500D-45,500D-45#3,1,80,5,19:46:00
500D-45,500D-45#4,1,86,2,19:50:00
500D-45,500D-45#5,1,99,2,19:55:00
500D-45,500D-45#6,1,91,2,20:00:00
500D-45,500D-45#7,1,93,5,20:02:00
500D-45,500D-45#8,1,71,2,20:06:00
500D-45,500D-45#9,1,91,2,20:10:00
500D-45,500D-45#10,1,70,2,20:12:00
500D-45,500D-45#11,1,93,4,20:15:00
500D-45,500D-45#12,1,94,4,20:17:00
500D-45,500D-45#13,1,91,5,20:20:00
500D-45,500D-45#14,1,73,3,20:22:00
500D-45,500D-45#15,1,83,2,20:24:00
500D-45,500D-45#16,1,94,5,20:26:00
500D-45,500D-45#17,1,82,2,20:29:00
500D-45,500D-45#18,1,86,2,20:32:00
500D-45,500D-45#19,1,79,5,20:37:00
500D-45,500D-45#20,1,86,5,20:42:00
500D-45,500D-45#21,1,81,5,20:44:00
500D-45,500D-45#22,1,94,4,20:48:00
500D-45,500D-45#23,1,81,4,20:53:00
500D-45,500D-45#24,1,78,5,20:55:00
500D-45,500D-45#25,1,89,5,20:58:00
500D-45,500D-45#26,0,41,0,21:01:00
500D-45,500D-45#27,0,34,0,21:05:00
500D-45,500D-45#28,0,41,2,21:10:00
500D-45,500D-45#29,0,36,1,21:15:00
500D-45,500D-45#30,0,24,1,21:20:00
500D-45,500D-45#31,0,41,0,21:23:00
500D-45,500D-45#32,0,48,2,21:25:00
500D-45,500D-45#33,0,25,2,21:30:00
500D-45,500D-45#34,0,29,2,21:34:00
500D-45,500D-45#35,0,20,0,21:36:00
500D-45,500D-45#36,0,26,2,21:40:00
500D-45,500D-45#37,0,45,0,21:45:00
500D-46,500D-46#1,1,93,3,20:00:00
500D-46,500D-46#2,1,83,4,20:05:00
500D-46,500D-46#3,1,70,5,20:09:00
500D-46,500D-46#4,1,93,3,20:13:00
500D-46,500D-46#5,1,82,4,20:17:00
500D-46,500D-46#6,1,90,2,20:19:00
500D-46,500D-46#7,1,76,4,20:22:00
500D-46,500D-46#8,1,75,5,20:27:00
500D-46,500D-46#9,1,88,3,20:32:00
500D-46,500D-46#10,1,78,5,20:37:00
500D-46,500D-46#11,1,70,4,20:39:00
500D-46,500D-46#12,1,82,2,20:42:00
500D-46,500D-46#13,1,79,3,20:47:00
500D-46,500D-46#14,1,90,5,20:50:00
500D-46,500D-46#15,1,88,4,20:52:00
500D-46,500D-46#16,1,87,3,20:54:00
500D-46,500D-46#17,1,87,3,20:59:00
500D-46,500D-46#18,0,26,2,21:01:00
500D-46,500D-46#19,0,21,1,21:06:00
500D-46,500D-46#20,0,49,0,21:10:00
500D-46,500D-46#21,0,44,2,21:14:00
500D-46,500D-46#22,0,40,0,21:16:00
500D-46,500D-46#23,0,45,2,21:20:00
500D-46,500D-46#24,0,43,2,21:23:00
500D-46,500D-46#25,0,32,2,21:26:00
500D-46,500D-46#26,0,48,1,21:28:00
500D-46,500D-46#27,0,41,2,21:30:00
500D-46,500D-46#28,0,46,0,21:33:00
500D-46,500D-46#29,0,43,2,21:38:00
500D-46,500D-46#30,0,45,0,21:43:00
500D-46,500D-46#31,0,39,0,21:48:00
500D-46,500D-46#32,0,47,1,21:52:00
500D-46,500D-46#33,0,49,1,21:55:00
500D-46,500D-46#34,0,49,1,21:58:00
500D-46,500D-46#35,0,36,2,22:02:00
500D-46,500D-46#36,0,37,1,22:07:00
500D-46,500D-46#37,0,21,1,22:12:00
500D-47,500D-47#1,1,98,2,20:20:00
500D-47,500D-47#2,1,90,3,20:22:00
500D-47,500D-47#3,1,84,5,20:27:00
500D-47,500D-47#4,1,79,5,20:31:00
500D-47,500D-47#5,1,76,5,20:33:00
500D-47,500D-47#6,1,73,2,20:35:00
500D-47,500D-47#7,1,99,2,20:39:00
500D-47,500D-47#8,1,70,3,20:43:00
500D-47,500D-47#9,1,81,3,20:45:00
500D-47,500D-47#10,1,72,2,20:50:00
500D-47,500D-47#11,1,99,2,20:52:00
500D-47,500D-47#12,1,86,3,20:54:00
500D-47,500D-47#13,1,96,5,20:58:00
500D-47,500D-47#14,0,44,2,21:02:00
500D-47,500D-47#15,0,44,2,21:05:00
500D-47,500D-47#16,0,42,0,21:07:00
500D-47,500D-47#17,0,31,1,21:09:00
500D-47,500D-47#18,0,20,0,21:11:00
500D-47,500D-47#19,0,27,1,21:15:00
500D-47,500D-47#20,0,24,0,21:18:00
500D-47,500D-47#21,0,49,2,21:20:00
500D-47,500D-47#22,0,23,1,21:24:00
500D-47,500D-47#23,0,41,1,21:27:00
500D-47,500D-47#24,0,40,2,21:32:00
500D-47,500D-47#25,0,20,2,21:35:00
500D-47,500D-47#26,0,29,1,21:40:00
500D-47,500D-47#27,0,34,1,21:44:00
500D-47,500D-47#28,0,20,0,21:47:00
500D-47,500D-47#29,0,35,0,21:52:00
500D-47,500D-47#30,0,39,2,21:55:00
500D-47,500D-47#31,0,20,0,21:58:00
500D-47,500D-47#32,0,46,0,22:03:00
500D-47,500D-47#33,0,36,2,22:06:00
500D-47,500D-47#34,0,32,1,22:11:00
500D-47,500D-47#35,0,31,0,22:13:00
500D-47,500D-47#36,0,28,1,22:18:00
500D-47,500D-47#37,0,20,1,22:23:00
500D-48,500D-48#1,1,72,2,20:40:00
500D-48,500D-48#2,1,92,3,20:44:00
500D-48,500D-48#3,1,75,2,20:46:00
500D-48,500D-48#4,1,88,5,20:48:00
500D-48,500D-48#5,1,92,4,20:53:00
500D-48,500D-48#6,1,71,3,20:58:00
500D-48,500D-48#7,0,49,0,21:01:00
500D-48,500D-48#8,0,26,1,21:03:00
500D-48,500D-48#9,0,41,0,21:07:00
500D-48,500D-48#10,0,32,2,21:12:00
500D-48,500D-48#11,0,34,0,21:15:00
500D-48,500D-48#12,0,22,0,21:18:00
500D-48,500D-48#13,0,24,0,21:22:00
500D-48,500D-48#14,0,32,1,21:24:00
500D-48,500D-48#15,0,48,2,21:28:00
500D-48,500D-48#16,0,40,2,21:31:00
500D-48,500D-48#17,0,34,0,21:35:00
500D-48,500D-48#18,0,28,2,21:40:00
500D-48,500D-48#19,0,23,2,21:43:00
500D-48,500D-48#20,0,31,2,21:46:00
500D-48,500D-48#21,0,29,1,21:49:00
500D-48,500D-48#22,0,29,1,21:51:00
500D-48,500D-48#23,0,39,2,21:54:00
500D-48,500D-48#24,0,39,0,21:59:00
500D-48,500D-48#25,0,43,0,22:04:00
500D-48,500D-48#26,0,37,0,22:09:00
500D-48,500D-48#27,0,48,0,22:14:00
500D-48,500D-48#28,0,34,1,22:18:00
500D-48,500D-48#29,0,21,1,22:21:00
500D-48,500D-48#30,0,42,2,22:23:00
500D-48,500D-48#31,0,20,0,22:28:00
500D-48,500D-48#32,0,28,0,22:31:00
500D-48,500D-48#33,0,37,2,22:35:00
500D-48,500D-48#34,0,39,2,22:38:00
500D-48,500D-48#35,0,38,1,22:43:00
500D-48,500D-48#36,0,43,1,22:48:00
500D-48,500D-48#37,0,30,0,22:52:00
500D-49,500D-49#1,0,43,0,21:00:00
500D-49,500D-49#2,0,49,1,21:05:00
500D-49,500D-49#3,0,24,1,21:09:00
500D-49,500D-49#4,0,32,2,21:14:00
500D-49,500D-49#5,0,32,1,21:17:00
500D-49,500D-49#6,0,29,0,21:19:00
500D-49,500D-49#7,0,33,0,21:23:00
500D-49,500D-49#8,0,33,0,21:26:00
500D-49,500D-49#9,0,20,1,21:28:00
500D-49,500D-49#10,0,28,1,21:33:00
500D-49,500D-49#11,0,48,2,21:37:00
500D-49,500D-49#12,0,31,1,21:42:00
500D-49,500D-49#13,0,26,0,21:45:00
500D-49,500D-49#14,0,30,1,21:49:00
500D-49,500D-49#15,0,24,1,21:51:00
500D-49,500D-49#16,0,39,0,21:54:00
500D-49,500D-49#17,0,40,1,21:58:00
500D-49,500D-49#18,0,34,1,22:00:00
500D-49,500D-49#19,0,40,0,22:04:00
500D-49,500D-49#20,0,28,1,22:09:00
500D-49,500D-49#21,0,31,2,22:14:00
500D-49,500D-49#22,0,21,2,22:16:00
500D-49,500D-49#23,0,24,1,22:19:00
500D-49,500D-49#24,0,36,2,22:21:00
500D-49,500D-49#25,0,26,0,22:23:00
500D-49,500D-49#26,0,32,2,22:26:00
500D-49,500D-49#27,0,42,0,22:31:00
500D-49,500D-49#28,0,30,2,22:36:00
500D-49,500D-49#29,0,38,0,22:38:00
500D-49,500D-49#30,0,41,0,22:41:00
500D-49,500D-49#31,0,24,2,22:44:00
500D-49,500D-49#32,0,32,0,22:46:00
500D-49,500D-49#33,0,22,0,22:50:00
500D-49,500D-49#34,0,35,0,22:52:00
500D-49,500D-49#35,0,24,0,22:55:00
500D-49,500D-49#36,0,48,2,22:58:00
500D-49,500D-49#37,0,29,2,23:02:00
